sample_id,sample_date,room,iso_class,sample_type,cfu,analyst
EM000001,2026-01-05,CR-101,ISO 7,Active air,0,Tech B
EM000002,2026-01-05,CR-101,ISO 7,Surface contact,0,Tech C
EM000003,2026-01-05,CR-101,ISO 7,Compressed air,0,Tech B
EM000004,2026-01-05,CR-101,ISO 7,Personnel glove,0,Tech A
EM000005,2026-01-05,CR-102,ISO 7,Active air,0,Tech B
EM000006,2026-01-05,CR-102,ISO 7,Surface contact,0,Tech C
EM000007,2026-01-05,CR-102,ISO 7,Compressed air,0,Tech B
EM000008,2026-01-05,CR-102,ISO 7,Personnel glove,0,Tech D
EM000009,2026-01-05,CR-201,ISO 8,Active air,2,Tech B
EM000010,2026-01-05,CR-201,ISO 8,Surface contact,0,Tech D
EM000011,2026-01-05,CR-201,ISO 8,Compressed air,0,Tech D
EM000012,2026-01-05,CR-201,ISO 8,Personnel glove,0,Tech B
EM000013,2026-01-05,CR-202,ISO 8,Active air,3,Tech C
EM000014,2026-01-05,CR-202,ISO 8,Surface contact,1,Tech D
EM000015,2026-01-05,CR-202,ISO 8,Compressed air,0,Tech B
EM000016,2026-01-05,CR-202,ISO 8,Personnel glove,0,Tech A
EM000017,2026-01-05,Gowning,ISO 8,Active air,2,Tech B
EM000018,2026-01-05,Gowning,ISO 8,Surface contact,1,Tech A
EM000019,2026-01-05,Gowning,ISO 8,Personnel glove,0,Tech A
EM000020,2026-01-06,CR-101,ISO 7,Active air,0,Tech A
EM000021,2026-01-06,CR-101,ISO 7,Surface contact,1,Tech D
EM000022,2026-01-06,CR-101,ISO 7,Compressed air,0,Tech C
EM000023,2026-01-06,CR-101,ISO 7,Personnel glove,0,Tech B
EM000024,2026-01-06,CR-102,ISO 7,Active air,1,Tech D
EM000025,2026-01-06,CR-102,ISO 7,Surface contact,0,Tech B
EM000026,2026-01-06,CR-102,ISO 7,Compressed air,0,Tech B
EM000027,2026-01-06,CR-102,ISO 7,Personnel glove,0,Tech C
EM000028,2026-01-06,CR-201,ISO 8,Active air,2,Tech B
EM000029,2026-01-06,CR-201,ISO 8,Surface contact,1,Tech C
EM000030,2026-01-06,CR-201,ISO 8,Compressed air,0,Tech B
EM000031,2026-01-06,CR-201,ISO 8,Personnel glove,0,Tech B
EM000032,2026-01-06,CR-202,ISO 8,Active air,3,Tech D
EM000033,2026-01-06,CR-202,ISO 8,Surface contact,1,Tech C
EM000034,2026-01-06,CR-202,ISO 8,Compressed air,0,Tech C
EM000035,2026-01-06,CR-202,ISO 8,Personnel glove,2,Tech C
EM000036,2026-01-06,Gowning,ISO 8,Active air,4,Tech B
EM000037,2026-01-06,Gowning,ISO 8,Surface contact,2,Tech C
EM000038,2026-01-06,Gowning,ISO 8,Personnel glove,0,Tech D
EM000039,2026-01-07,CR-101,ISO 7,Active air,0,Tech B
EM000040,2026-01-07,CR-101,ISO 7,Surface contact,0,Tech A
EM000041,2026-01-07,CR-101,ISO 7,Compressed air,0,Tech C
EM000042,2026-01-07,CR-101,ISO 7,Personnel glove,0,Tech D
EM000043,2026-01-07,CR-102,ISO 7,Active air,0,Tech A
EM000044,2026-01-07,CR-102,ISO 7,Surface contact,0,Tech B
EM000045,2026-01-07,CR-102,ISO 7,Compressed air,0,Tech B
EM000046,2026-01-07,CR-102,ISO 7,Personnel glove,0,Tech C
EM000047,2026-01-07,CR-201,ISO 8,Active air,0,Tech C
EM000048,2026-01-07,CR-201,ISO 8,Surface contact,2,Tech A
EM000049,2026-01-07,CR-201,ISO 8,Compressed air,0,Tech D
EM000050,2026-01-07,CR-201,ISO 8,Personnel glove,0,Tech A
EM000051,2026-01-07,CR-202,ISO 8,Active air,4,Tech B
EM000052,2026-01-07,CR-202,ISO 8,Surface contact,3,Tech A
EM000053,2026-01-07,CR-202,ISO 8,Compressed air,0,Tech D
EM000054,2026-01-07,CR-202,ISO 8,Personnel glove,0,Tech D
EM000055,2026-01-07,Gowning,ISO 8,Active air,2,Tech D
EM000056,2026-01-07,Gowning,ISO 8,Surface contact,0,Tech A
EM000057,2026-01-07,Gowning,ISO 8,Personnel glove,0,Tech D
EM000058,2026-01-08,CR-101,ISO 7,Active air,1,Tech D
EM000059,2026-01-08,CR-101,ISO 7,Surface contact,0,Tech B
EM000060,2026-01-08,CR-101,ISO 7,Compressed air,0,Tech B
EM000061,2026-01-08,CR-101,ISO 7,Personnel glove,0,Tech B
EM000062,2026-01-08,CR-102,ISO 7,Active air,2,Tech C
EM000063,2026-01-08,CR-102,ISO 7,Surface contact,0,Tech C
EM000064,2026-01-08,CR-102,ISO 7,Compressed air,0,Tech A
EM000065,2026-01-08,CR-102,ISO 7,Personnel glove,0,Tech A
EM000066,2026-01-08,CR-201,ISO 8,Active air,0,Tech D
EM000067,2026-01-08,CR-201,ISO 8,Surface contact,0,Tech C
EM000068,2026-01-08,CR-201,ISO 8,Compressed air,0,Tech D
EM000069,2026-01-08,CR-201,ISO 8,Personnel glove,0,Tech D
EM000070,2026-01-08,CR-202,ISO 8,Active air,0,Tech D
EM000071,2026-01-08,CR-202,ISO 8,Surface contact,3,Tech A
EM000072,2026-01-08,CR-202,ISO 8,Compressed air,0,Tech B
EM000073,2026-01-08,CR-202,ISO 8,Personnel glove,0,Tech A
EM000074,2026-01-08,Gowning,ISO 8,Active air,1,Tech C
EM000075,2026-01-08,Gowning,ISO 8,Surface contact,1,Tech C
EM000076,2026-01-08,Gowning,ISO 8,Personnel glove,0,Tech C
EM000077,2026-01-09,CR-101,ISO 7,Active air,0,Tech B
EM000078,2026-01-09,CR-101,ISO 7,Surface contact,0,Tech C
EM000079,2026-01-09,CR-101,ISO 7,Compressed air,0,Tech A
EM000080,2026-01-09,CR-101,ISO 7,Personnel glove,0,Tech D
EM000081,2026-01-09,CR-102,ISO 7,Active air,0,Tech A
EM000082,2026-01-09,CR-102,ISO 7,Surface contact,2,Tech C
EM000083,2026-01-09,CR-102,ISO 7,Compressed air,0,Tech D
EM000084,2026-01-09,CR-102,ISO 7,Personnel glove,0,Tech D
EM000085,2026-01-09,CR-201,ISO 8,Active air,2,Tech C
EM000086,2026-01-09,CR-201,ISO 8,Surface contact,1,Tech C
EM000087,2026-01-09,CR-201,ISO 8,Compressed air,0,Tech B
EM000088,2026-01-09,CR-201,ISO 8,Personnel glove,0,Tech B
EM000089,2026-01-09,CR-202,ISO 8,Active air,2,Tech B
EM000090,2026-01-09,CR-202,ISO 8,Surface contact,1,Tech A
EM000091,2026-01-09,CR-202,ISO 8,Compressed air,0,Tech B
EM000092,2026-01-09,CR-202,ISO 8,Personnel glove,0,Tech B
EM000093,2026-01-09,Gowning,ISO 8,Active air,2,Tech D
EM000094,2026-01-09,Gowning,ISO 8,Surface contact,2,Tech C
EM000095,2026-01-09,Gowning,ISO 8,Personnel glove,0,Tech A
EM000096,2026-01-12,CR-101,ISO 7,Active air,2,Tech A
EM000097,2026-01-12,CR-101,ISO 7,Surface contact,2,Tech C
EM000098,2026-01-12,CR-101,ISO 7,Compressed air,0,Tech C
EM000099,2026-01-12,CR-101,ISO 7,Personnel glove,0,Tech D
EM000100,2026-01-12,CR-102,ISO 7,Active air,1,Tech C
EM000101,2026-01-12,CR-102,ISO 7,Surface contact,0,Tech D
EM000102,2026-01-12,CR-102,ISO 7,Compressed air,0,Tech A
EM000103,2026-01-12,CR-102,ISO 7,Personnel glove,0,Tech D
EM000104,2026-01-12,CR-201,ISO 8,Active air,0,Tech A
EM000105,2026-01-12,CR-201,ISO 8,Surface contact,1,Tech B
EM000106,2026-01-12,CR-201,ISO 8,Compressed air,0,Tech A
EM000107,2026-01-12,CR-201,ISO 8,Personnel glove,0,Tech C
EM000108,2026-01-12,CR-202,ISO 8,Active air,3,Tech C
EM000109,2026-01-12,CR-202,ISO 8,Surface contact,1,Tech B
EM000110,2026-01-12,CR-202,ISO 8,Compressed air,0,Tech A
EM000111,2026-01-12,CR-202,ISO 8,Personnel glove,0,Tech C
EM000112,2026-01-12,Gowning,ISO 8,Active air,1,Tech C
EM000113,2026-01-12,Gowning,ISO 8,Surface contact,2,Tech D
EM000114,2026-01-12,Gowning,ISO 8,Personnel glove,0,Tech D
EM000115,2026-01-13,CR-101,ISO 7,Active air,2,Tech A
EM000116,2026-01-13,CR-101,ISO 7,Surface contact,0,Tech B
EM000117,2026-01-13,CR-101,ISO 7,Compressed air,0,Tech C
EM000118,2026-01-13,CR-101,ISO 7,Personnel glove,0,Tech B
EM000119,2026-01-13,CR-102,ISO 7,Active air,2,Tech C
EM000120,2026-01-13,CR-102,ISO 7,Surface contact,0,Tech C
EM000121,2026-01-13,CR-102,ISO 7,Compressed air,0,Tech B
EM000122,2026-01-13,CR-102,ISO 7,Personnel glove,0,Tech A
EM000123,2026-01-13,CR-201,ISO 8,Active air,1,Tech D
EM000124,2026-01-13,CR-201,ISO 8,Surface contact,2,Tech D
EM000125,2026-01-13,CR-201,ISO 8,Compressed air,1,Tech B
EM000126,2026-01-13,CR-201,ISO 8,Personnel glove,0,Tech C
EM000127,2026-01-13,CR-202,ISO 8,Active air,1,Tech B
EM000128,2026-01-13,CR-202,ISO 8,Surface contact,0,Tech C
EM000129,2026-01-13,CR-202,ISO 8,Compressed air,0,Tech B
EM000130,2026-01-13,CR-202,ISO 8,Personnel glove,0,Tech A
EM000131,2026-01-13,Gowning,ISO 8,Active air,0,Tech C
EM000132,2026-01-13,Gowning,ISO 8,Surface contact,1,Tech C
EM000133,2026-01-13,Gowning,ISO 8,Personnel glove,0,Tech D
EM000134,2026-01-14,CR-101,ISO 7,Active air,2,Tech D
EM000135,2026-01-14,CR-101,ISO 7,Surface contact,0,Tech D
EM000136,2026-01-14,CR-101,ISO 7,Compressed air,0,Tech B
EM000137,2026-01-14,CR-101,ISO 7,Personnel glove,0,Tech B
EM000138,2026-01-14,CR-102,ISO 7,Active air,0,Tech B
EM000139,2026-01-14,CR-102,ISO 7,Surface contact,0,Tech B
EM000140,2026-01-14,CR-102,ISO 7,Compressed air,0,Tech B
EM000141,2026-01-14,CR-102,ISO 7,Personnel glove,0,Tech B
EM000142,2026-01-14,CR-201,ISO 8,Active air,2,Tech B
EM000143,2026-01-14,CR-201,ISO 8,Surface contact,0,Tech A
EM000144,2026-01-14,CR-201,ISO 8,Compressed air,0,Tech D
EM000145,2026-01-14,CR-201,ISO 8,Personnel glove,0,Tech D
EM000146,2026-01-14,CR-202,ISO 8,Active air,5,Tech C
EM000147,2026-01-14,CR-202,ISO 8,Surface contact,0,Tech C
EM000148,2026-01-14,CR-202,ISO 8,Compressed air,0,Tech C
EM000149,2026-01-14,CR-202,ISO 8,Personnel glove,0,Tech C
EM000150,2026-01-14,Gowning,ISO 8,Active air,0,Tech C
EM000151,2026-01-14,Gowning,ISO 8,Surface contact,0,Tech B
EM000152,2026-01-14,Gowning,ISO 8,Personnel glove,0,Tech B
EM000153,2026-01-15,CR-101,ISO 7,Active air,0,Tech D
EM000154,2026-01-15,CR-101,ISO 7,Surface contact,0,Tech C
EM000155,2026-01-15,CR-101,ISO 7,Compressed air,0,Tech A
EM000156,2026-01-15,CR-101,ISO 7,Personnel glove,0,Tech D
EM000157,2026-01-15,CR-102,ISO 7,Active air,3,Tech A
EM000158,2026-01-15,CR-102,ISO 7,Surface contact,1,Tech C
EM000159,2026-01-15,CR-102,ISO 7,Compressed air,0,Tech D
EM000160,2026-01-15,CR-102,ISO 7,Personnel glove,0,Tech A
EM000161,2026-01-15,CR-201,ISO 8,Active air,0,Tech B
EM000162,2026-01-15,CR-201,ISO 8,Surface contact,0,Tech D
EM000163,2026-01-15,CR-201,ISO 8,Compressed air,0,Tech A
EM000164,2026-01-15,CR-201,ISO 8,Personnel glove,0,Tech D
EM000165,2026-01-15,CR-202,ISO 8,Active air,2,Tech C
EM000166,2026-01-15,CR-202,ISO 8,Surface contact,0,Tech B
EM000167,2026-01-15,CR-202,ISO 8,Compressed air,0,Tech A
EM000168,2026-01-15,CR-202,ISO 8,Personnel glove,0,Tech C
EM000169,2026-01-15,Gowning,ISO 8,Active air,0,Tech D
EM000170,2026-01-15,Gowning,ISO 8,Surface contact,0,Tech A
EM000171,2026-01-15,Gowning,ISO 8,Personnel glove,0,Tech B
EM000172,2026-01-16,CR-101,ISO 7,Active air,0,Tech A
EM000173,2026-01-16,CR-101,ISO 7,Surface contact,0,Tech A
EM000174,2026-01-16,CR-101,ISO 7,Compressed air,0,Tech D
EM000175,2026-01-16,CR-101,ISO 7,Personnel glove,0,Tech B
EM000176,2026-01-16,CR-102,ISO 7,Active air,1,Tech B
EM000177,2026-01-16,CR-102,ISO 7,Surface contact,0,Tech B
EM000178,2026-01-16,CR-102,ISO 7,Compressed air,0,Tech C
EM000179,2026-01-16,CR-102,ISO 7,Personnel glove,0,Tech C
EM000180,2026-01-16,CR-201,ISO 8,Active air,0,Tech B
EM000181,2026-01-16,CR-201,ISO 8,Surface contact,0,Tech A
EM000182,2026-01-16,CR-201,ISO 8,Compressed air,0,Tech D
EM000183,2026-01-16,CR-201,ISO 8,Personnel glove,0,Tech B
EM000184,2026-01-16,CR-202,ISO 8,Active air,4,Tech B
EM000185,2026-01-16,CR-202,ISO 8,Surface contact,1,Tech D
EM000186,2026-01-16,CR-202,ISO 8,Compressed air,0,Tech B
EM000187,2026-01-16,CR-202,ISO 8,Personnel glove,0,Tech D
EM000188,2026-01-16,Gowning,ISO 8,Active air,1,Tech C
EM000189,2026-01-16,Gowning,ISO 8,Surface contact,0,Tech C
EM000190,2026-01-16,Gowning,ISO 8,Personnel glove,0,Tech A
EM000191,2026-01-19,CR-101,ISO 7,Active air,2,Tech C
EM000192,2026-01-19,CR-101,ISO 7,Surface contact,0,Tech D
EM000193,2026-01-19,CR-101,ISO 7,Compressed air,0,Tech D
EM000194,2026-01-19,CR-101,ISO 7,Personnel glove,0,Tech B
EM000195,2026-01-19,CR-102,ISO 7,Active air,0,Tech B
EM000196,2026-01-19,CR-102,ISO 7,Surface contact,0,Tech A
EM000197,2026-01-19,CR-102,ISO 7,Compressed air,0,Tech D
EM000198,2026-01-19,CR-102,ISO 7,Personnel glove,0,Tech A
EM000199,2026-01-19,CR-201,ISO 8,Active air,0,Tech D
EM000200,2026-01-19,CR-201,ISO 8,Surface contact,0,Tech A
EM000201,2026-01-19,CR-201,ISO 8,Compressed air,0,Tech D
EM000202,2026-01-19,CR-201,ISO 8,Personnel glove,0,Tech C
EM000203,2026-01-19,CR-202,ISO 8,Active air,0,Tech D
EM000204,2026-01-19,CR-202,ISO 8,Surface contact,2,Tech D
EM000205,2026-01-19,CR-202,ISO 8,Compressed air,0,Tech D
EM000206,2026-01-19,CR-202,ISO 8,Personnel glove,0,Tech C
EM000207,2026-01-19,Gowning,ISO 8,Active air,2,Tech A
EM000208,2026-01-19,Gowning,ISO 8,Surface contact,0,Tech A
EM000209,2026-01-19,Gowning,ISO 8,Personnel glove,0,Tech C
EM000210,2026-01-20,CR-101,ISO 7,Active air,1,Tech B
EM000211,2026-01-20,CR-101,ISO 7,Surface contact,0,Tech D
EM000212,2026-01-20,CR-101,ISO 7,Compressed air,0,Tech A
EM000213,2026-01-20,CR-101,ISO 7,Personnel glove,0,Tech D
EM000214,2026-01-20,CR-102,ISO 7,Active air,1,Tech A
EM000215,2026-01-20,CR-102,ISO 7,Surface contact,0,Tech D
EM000216,2026-01-20,CR-102,ISO 7,Compressed air,0,Tech B
EM000217,2026-01-20,CR-102,ISO 7,Personnel glove,0,Tech B
EM000218,2026-01-20,CR-201,ISO 8,Active air,1,Tech B
EM000219,2026-01-20,CR-201,ISO 8,Surface contact,0,Tech A
EM000220,2026-01-20,CR-201,ISO 8,Compressed air,0,Tech A
EM000221,2026-01-20,CR-201,ISO 8,Personnel glove,0,Tech A
EM000222,2026-01-20,CR-202,ISO 8,Active air,2,Tech D
EM000223,2026-01-20,CR-202,ISO 8,Surface contact,1,Tech B
EM000224,2026-01-20,CR-202,ISO 8,Compressed air,0,Tech B
EM000225,2026-01-20,CR-202,ISO 8,Personnel glove,1,Tech A
EM000226,2026-01-20,Gowning,ISO 8,Active air,1,Tech B
EM000227,2026-01-20,Gowning,ISO 8,Surface contact,1,Tech B
EM000228,2026-01-20,Gowning,ISO 8,Personnel glove,0,Tech A
EM000229,2026-01-21,CR-101,ISO 7,Active air,0,Tech C
EM000230,2026-01-21,CR-101,ISO 7,Surface contact,0,Tech C
EM000231,2026-01-21,CR-101,ISO 7,Compressed air,0,Tech D
EM000232,2026-01-21,CR-101,ISO 7,Personnel glove,0,Tech D
EM000233,2026-01-21,CR-102,ISO 7,Active air,0,Tech B
EM000234,2026-01-21,CR-102,ISO 7,Surface contact,0,Tech B
EM000235,2026-01-21,CR-102,ISO 7,Compressed air,0,Tech D
EM000236,2026-01-21,CR-102,ISO 7,Personnel glove,0,Tech B
EM000237,2026-01-21,CR-201,ISO 8,Active air,1,Tech A
EM000238,2026-01-21,CR-201,ISO 8,Surface contact,0,Tech D
EM000239,2026-01-21,CR-201,ISO 8,Compressed air,0,Tech B
EM000240,2026-01-21,CR-201,ISO 8,Personnel glove,0,Tech C
EM000241,2026-01-21,CR-202,ISO 8,Active air,2,Tech C
EM000242,2026-01-21,CR-202,ISO 8,Surface contact,1,Tech A
EM000243,2026-01-21,CR-202,ISO 8,Compressed air,0,Tech D
EM000244,2026-01-21,CR-202,ISO 8,Personnel glove,0,Tech C
EM000245,2026-01-21,Gowning,ISO 8,Active air,4,Tech C
EM000246,2026-01-21,Gowning,ISO 8,Surface contact,0,Tech D
EM000247,2026-01-21,Gowning,ISO 8,Personnel glove,0,Tech A
EM000248,2026-01-22,CR-101,ISO 7,Active air,0,Tech B
EM000249,2026-01-22,CR-101,ISO 7,Surface contact,0,Tech B
EM000250,2026-01-22,CR-101,ISO 7,Compressed air,0,Tech C
EM000251,2026-01-22,CR-101,ISO 7,Personnel glove,0,Tech A
EM000252,2026-01-22,CR-102,ISO 7,Active air,1,Tech C
EM000253,2026-01-22,CR-102,ISO 7,Surface contact,0,Tech D
EM000254,2026-01-22,CR-102,ISO 7,Compressed air,0,Tech C
EM000255,2026-01-22,CR-102,ISO 7,Personnel glove,0,Tech D
EM000256,2026-01-22,CR-201,ISO 8,Active air,1,Tech C
EM000257,2026-01-22,CR-201,ISO 8,Surface contact,0,Tech D
EM000258,2026-01-22,CR-201,ISO 8,Compressed air,0,Tech D
EM000259,2026-01-22,CR-201,ISO 8,Personnel glove,0,Tech C
EM000260,2026-01-22,CR-202,ISO 8,Active air,3,Tech A
EM000261,2026-01-22,CR-202,ISO 8,Surface contact,1,Tech A
EM000262,2026-01-22,CR-202,ISO 8,Compressed air,0,Tech D
EM000263,2026-01-22,CR-202,ISO 8,Personnel glove,0,Tech B
EM000264,2026-01-22,Gowning,ISO 8,Active air,1,Tech D
EM000265,2026-01-22,Gowning,ISO 8,Surface contact,2,Tech D
EM000266,2026-01-22,Gowning,ISO 8,Personnel glove,0,Tech B
EM000267,2026-01-23,CR-101,ISO 7,Active air,2,Tech B
EM000268,2026-01-23,CR-101,ISO 7,Surface contact,0,Tech A
EM000269,2026-01-23,CR-101,ISO 7,Compressed air,0,Tech C
EM000270,2026-01-23,CR-101,ISO 7,Personnel glove,0,Tech B
EM000271,2026-01-23,CR-102,ISO 7,Active air,0,Tech C
EM000272,2026-01-23,CR-102,ISO 7,Surface contact,2,Tech C
EM000273,2026-01-23,CR-102,ISO 7,Compressed air,0,Tech C
EM000274,2026-01-23,CR-102,ISO 7,Personnel glove,0,Tech A
EM000275,2026-01-23,CR-201,ISO 8,Active air,4,Tech C
EM000276,2026-01-23,CR-201,ISO 8,Surface contact,0,Tech B
EM000277,2026-01-23,CR-201,ISO 8,Compressed air,0,Tech A
EM000278,2026-01-23,CR-201,ISO 8,Personnel glove,0,Tech A
EM000279,2026-01-23,CR-202,ISO 8,Active air,5,Tech B
EM000280,2026-01-23,CR-202,ISO 8,Surface contact,2,Tech D
EM000281,2026-01-23,CR-202,ISO 8,Compressed air,0,Tech D
EM000282,2026-01-23,CR-202,ISO 8,Personnel glove,0,Tech B
EM000283,2026-01-23,Gowning,ISO 8,Active air,3,Tech C
EM000284,2026-01-23,Gowning,ISO 8,Surface contact,0,Tech A
EM000285,2026-01-23,Gowning,ISO 8,Personnel glove,0,Tech C
EM000286,2026-01-26,CR-101,ISO 7,Active air,0,Tech A
EM000287,2026-01-26,CR-101,ISO 7,Surface contact,1,Tech D
EM000288,2026-01-26,CR-101,ISO 7,Compressed air,0,Tech B
EM000289,2026-01-26,CR-101,ISO 7,Personnel glove,0,Tech B
EM000290,2026-01-26,CR-102,ISO 7,Active air,1,Tech B
EM000291,2026-01-26,CR-102,ISO 7,Surface contact,1,Tech A
EM000292,2026-01-26,CR-102,ISO 7,Compressed air,1,Tech D
EM000293,2026-01-26,CR-102,ISO 7,Personnel glove,0,Tech B
EM000294,2026-01-26,CR-201,ISO 8,Active air,1,Tech D
EM000295,2026-01-26,CR-201,ISO 8,Surface contact,0,Tech C
EM000296,2026-01-26,CR-201,ISO 8,Compressed air,0,Tech C
EM000297,2026-01-26,CR-201,ISO 8,Personnel glove,0,Tech D
EM000298,2026-01-26,CR-202,ISO 8,Active air,0,Tech C
EM000299,2026-01-26,CR-202,ISO 8,Surface contact,0,Tech D
EM000300,2026-01-26,CR-202,ISO 8,Compressed air,0,Tech A
EM000301,2026-01-26,CR-202,ISO 8,Personnel glove,0,Tech D
EM000302,2026-01-26,Gowning,ISO 8,Active air,3,Tech C
EM000303,2026-01-26,Gowning,ISO 8,Surface contact,2,Tech B
EM000304,2026-01-26,Gowning,ISO 8,Personnel glove,0,Tech A
EM000305,2026-01-27,CR-101,ISO 7,Active air,0,Tech D
EM000306,2026-01-27,CR-101,ISO 7,Surface contact,0,Tech D
EM000307,2026-01-27,CR-101,ISO 7,Compressed air,0,Tech C
EM000308,2026-01-27,CR-101,ISO 7,Personnel glove,0,Tech C
EM000309,2026-01-27,CR-102,ISO 7,Active air,1,Tech B
EM000310,2026-01-27,CR-102,ISO 7,Surface contact,2,Tech C
EM000311,2026-01-27,CR-102,ISO 7,Compressed air,0,Tech C
EM000312,2026-01-27,CR-102,ISO 7,Personnel glove,0,Tech D
EM000313,2026-01-27,CR-201,ISO 8,Active air,2,Tech D
EM000314,2026-01-27,CR-201,ISO 8,Surface contact,0,Tech D
EM000315,2026-01-27,CR-201,ISO 8,Compressed air,0,Tech A
EM000316,2026-01-27,CR-201,ISO 8,Personnel glove,1,Tech A
EM000317,2026-01-27,CR-202,ISO 8,Active air,2,Tech A
EM000318,2026-01-27,CR-202,ISO 8,Surface contact,2,Tech B
EM000319,2026-01-27,CR-202,ISO 8,Compressed air,0,Tech C
EM000320,2026-01-27,CR-202,ISO 8,Personnel glove,0,Tech B
EM000321,2026-01-27,Gowning,ISO 8,Active air,0,Tech D
EM000322,2026-01-27,Gowning,ISO 8,Surface contact,2,Tech A
EM000323,2026-01-27,Gowning,ISO 8,Personnel glove,0,Tech B
EM000324,2026-01-28,CR-101,ISO 7,Active air,1,Tech D
EM000325,2026-01-28,CR-101,ISO 7,Surface contact,0,Tech D
EM000326,2026-01-28,CR-101,ISO 7,Compressed air,0,Tech B
EM000327,2026-01-28,CR-101,ISO 7,Personnel glove,0,Tech A
EM000328,2026-01-28,CR-102,ISO 7,Active air,1,Tech B
EM000329,2026-01-28,CR-102,ISO 7,Surface contact,0,Tech A
EM000330,2026-01-28,CR-102,ISO 7,Compressed air,0,Tech B
EM000331,2026-01-28,CR-102,ISO 7,Personnel glove,0,Tech B
EM000332,2026-01-28,CR-201,ISO 8,Active air,2,Tech C
EM000333,2026-01-28,CR-201,ISO 8,Surface contact,1,Tech D
EM000334,2026-01-28,CR-201,ISO 8,Compressed air,0,Tech D
EM000335,2026-01-28,CR-201,ISO 8,Personnel glove,0,Tech D
EM000336,2026-01-28,CR-202,ISO 8,Active air,0,Tech B
EM000337,2026-01-28,CR-202,ISO 8,Surface contact,2,Tech D
EM000338,2026-01-28,CR-202,ISO 8,Compressed air,0,Tech B
EM000339,2026-01-28,CR-202,ISO 8,Personnel glove,0,Tech C
EM000340,2026-01-28,Gowning,ISO 8,Active air,1,Tech B
EM000341,2026-01-28,Gowning,ISO 8,Surface contact,0,Tech A
EM000342,2026-01-28,Gowning,ISO 8,Personnel glove,0,Tech C
EM000343,2026-01-29,CR-101,ISO 7,Active air,0,Tech B
EM000344,2026-01-29,CR-101,ISO 7,Surface contact,0,Tech D
EM000345,2026-01-29,CR-101,ISO 7,Compressed air,0,Tech A
EM000346,2026-01-29,CR-101,ISO 7,Personnel glove,0,Tech A
EM000347,2026-01-29,CR-102,ISO 7,Active air,3,Tech B
EM000348,2026-01-29,CR-102,ISO 7,Surface contact,1,Tech D
EM000349,2026-01-29,CR-102,ISO 7,Compressed air,0,Tech D
EM000350,2026-01-29,CR-102,ISO 7,Personnel glove,0,Tech C
EM000351,2026-01-29,CR-201,ISO 8,Active air,2,Tech B
EM000352,2026-01-29,CR-201,ISO 8,Surface contact,1,Tech C
EM000353,2026-01-29,CR-201,ISO 8,Compressed air,0,Tech D
EM000354,2026-01-29,CR-201,ISO 8,Personnel glove,0,Tech B
EM000355,2026-01-29,CR-202,ISO 8,Active air,2,Tech B
EM000356,2026-01-29,CR-202,ISO 8,Surface contact,1,Tech A
EM000357,2026-01-29,CR-202,ISO 8,Compressed air,0,Tech B
EM000358,2026-01-29,CR-202,ISO 8,Personnel glove,0,Tech A
EM000359,2026-01-29,Gowning,ISO 8,Active air,2,Tech C
EM000360,2026-01-29,Gowning,ISO 8,Surface contact,1,Tech B
EM000361,2026-01-29,Gowning,ISO 8,Personnel glove,0,Tech C
EM000362,2026-01-30,CR-101,ISO 7,Active air,1,Tech A
EM000363,2026-01-30,CR-101,ISO 7,Surface contact,1,Tech B
EM000364,2026-01-30,CR-101,ISO 7,Compressed air,0,Tech A
EM000365,2026-01-30,CR-101,ISO 7,Personnel glove,0,Tech C
EM000366,2026-01-30,CR-102,ISO 7,Active air,0,Tech A
EM000367,2026-01-30,CR-102,ISO 7,Surface contact,0,Tech A
EM000368,2026-01-30,CR-102,ISO 7,Compressed air,0,Tech B
EM000369,2026-01-30,CR-102,ISO 7,Personnel glove,0,Tech D
EM000370,2026-01-30,CR-201,ISO 8,Active air,1,Tech B
EM000371,2026-01-30,CR-201,ISO 8,Surface contact,0,Tech C
EM000372,2026-01-30,CR-201,ISO 8,Compressed air,0,Tech D
EM000373,2026-01-30,CR-201,ISO 8,Personnel glove,0,Tech B
EM000374,2026-01-30,CR-202,ISO 8,Active air,1,Tech D
EM000375,2026-01-30,CR-202,ISO 8,Surface contact,1,Tech D
EM000376,2026-01-30,CR-202,ISO 8,Compressed air,0,Tech C
EM000377,2026-01-30,CR-202,ISO 8,Personnel glove,0,Tech C
EM000378,2026-01-30,Gowning,ISO 8,Active air,2,Tech D
EM000379,2026-01-30,Gowning,ISO 8,Surface contact,1,Tech B
EM000380,2026-01-30,Gowning,ISO 8,Personnel glove,0,Tech B
EM000381,2026-02-02,CR-101,ISO 7,Active air,2,Tech C
EM000382,2026-02-02,CR-101,ISO 7,Surface contact,0,Tech D
EM000383,2026-02-02,CR-101,ISO 7,Compressed air,0,Tech C
EM000384,2026-02-02,CR-101,ISO 7,Personnel glove,0,Tech A
EM000385,2026-02-02,CR-102,ISO 7,Active air,2,Tech A
EM000386,2026-02-02,CR-102,ISO 7,Surface contact,0,Tech C
EM000387,2026-02-02,CR-102,ISO 7,Compressed air,0,Tech A
EM000388,2026-02-02,CR-102,ISO 7,Personnel glove,0,Tech D
EM000389,2026-02-02,CR-201,ISO 8,Active air,2,Tech D
EM000390,2026-02-02,CR-201,ISO 8,Surface contact,1,Tech C
EM000391,2026-02-02,CR-201,ISO 8,Compressed air,0,Tech C
EM000392,2026-02-02,CR-201,ISO 8,Personnel glove,0,Tech D
EM000393,2026-02-02,CR-202,ISO 8,Active air,2,Tech C
EM000394,2026-02-02,CR-202,ISO 8,Surface contact,2,Tech B
EM000395,2026-02-02,CR-202,ISO 8,Compressed air,0,Tech A
EM000396,2026-02-02,CR-202,ISO 8,Personnel glove,0,Tech C
EM000397,2026-02-02,Gowning,ISO 8,Active air,0,Tech C
EM000398,2026-02-02,Gowning,ISO 8,Surface contact,0,Tech A
EM000399,2026-02-02,Gowning,ISO 8,Personnel glove,0,Tech D
EM000400,2026-02-03,CR-101,ISO 7,Active air,1,Tech C
EM000401,2026-02-03,CR-101,ISO 7,Surface contact,0,Tech C
EM000402,2026-02-03,CR-101,ISO 7,Compressed air,0,Tech A
EM000403,2026-02-03,CR-101,ISO 7,Personnel glove,0,Tech B
EM000404,2026-02-03,CR-102,ISO 7,Active air,0,Tech C
EM000405,2026-02-03,CR-102,ISO 7,Surface contact,0,Tech A
EM000406,2026-02-03,CR-102,ISO 7,Compressed air,0,Tech A
EM000407,2026-02-03,CR-102,ISO 7,Personnel glove,0,Tech D
EM000408,2026-02-03,CR-201,ISO 8,Active air,1,Tech C
EM000409,2026-02-03,CR-201,ISO 8,Surface contact,0,Tech A
EM000410,2026-02-03,CR-201,ISO 8,Compressed air,0,Tech C
EM000411,2026-02-03,CR-201,ISO 8,Personnel glove,0,Tech B
EM000412,2026-02-03,CR-202,ISO 8,Active air,1,Tech A
EM000413,2026-02-03,CR-202,ISO 8,Surface contact,3,Tech B
EM000414,2026-02-03,CR-202,ISO 8,Compressed air,0,Tech D
EM000415,2026-02-03,CR-202,ISO 8,Personnel glove,0,Tech B
EM000416,2026-02-03,Gowning,ISO 8,Active air,3,Tech B
EM000417,2026-02-03,Gowning,ISO 8,Surface contact,1,Tech C
EM000418,2026-02-03,Gowning,ISO 8,Personnel glove,0,Tech A
EM000419,2026-02-04,CR-101,ISO 7,Active air,1,Tech B
EM000420,2026-02-04,CR-101,ISO 7,Surface contact,0,Tech C
EM000421,2026-02-04,CR-101,ISO 7,Compressed air,0,Tech B
EM000422,2026-02-04,CR-101,ISO 7,Personnel glove,0,Tech C
EM000423,2026-02-04,CR-102,ISO 7,Active air,1,Tech C
EM000424,2026-02-04,CR-102,ISO 7,Surface contact,0,Tech D
EM000425,2026-02-04,CR-102,ISO 7,Compressed air,0,Tech C
EM000426,2026-02-04,CR-102,ISO 7,Personnel glove,0,Tech A
EM000427,2026-02-04,CR-201,ISO 8,Active air,2,Tech A
EM000428,2026-02-04,CR-201,ISO 8,Surface contact,0,Tech B
EM000429,2026-02-04,CR-201,ISO 8,Compressed air,0,Tech D
EM000430,2026-02-04,CR-201,ISO 8,Personnel glove,0,Tech D
EM000431,2026-02-04,CR-202,ISO 8,Active air,1,Tech D
EM000432,2026-02-04,CR-202,ISO 8,Surface contact,2,Tech C
EM000433,2026-02-04,CR-202,ISO 8,Compressed air,0,Tech A
EM000434,2026-02-04,CR-202,ISO 8,Personnel glove,0,Tech A
EM000435,2026-02-04,Gowning,ISO 8,Active air,2,Tech C
EM000436,2026-02-04,Gowning,ISO 8,Surface contact,0,Tech B
EM000437,2026-02-04,Gowning,ISO 8,Personnel glove,0,Tech C
EM000438,2026-02-05,CR-101,ISO 7,Active air,3,Tech B
EM000439,2026-02-05,CR-101,ISO 7,Surface contact,0,Tech C
EM000440,2026-02-05,CR-101,ISO 7,Compressed air,0,Tech A
EM000441,2026-02-05,CR-101,ISO 7,Personnel glove,0,Tech A
EM000442,2026-02-05,CR-102,ISO 7,Active air,0,Tech C
EM000443,2026-02-05,CR-102,ISO 7,Surface contact,0,Tech C
EM000444,2026-02-05,CR-102,ISO 7,Compressed air,0,Tech B
EM000445,2026-02-05,CR-102,ISO 7,Personnel glove,0,Tech D
EM000446,2026-02-05,CR-201,ISO 8,Active air,2,Tech A
EM000447,2026-02-05,CR-201,ISO 8,Surface contact,0,Tech B
EM000448,2026-02-05,CR-201,ISO 8,Compressed air,0,Tech D
EM000449,2026-02-05,CR-201,ISO 8,Personnel glove,0,Tech A
EM000450,2026-02-05,CR-202,ISO 8,Active air,2,Tech A
EM000451,2026-02-05,CR-202,ISO 8,Surface contact,0,Tech C
EM000452,2026-02-05,CR-202,ISO 8,Compressed air,0,Tech C
EM000453,2026-02-05,CR-202,ISO 8,Personnel glove,0,Tech D
EM000454,2026-02-05,Gowning,ISO 8,Active air,0,Tech A
EM000455,2026-02-05,Gowning,ISO 8,Surface contact,2,Tech A
EM000456,2026-02-05,Gowning,ISO 8,Personnel glove,0,Tech D
EM000457,2026-02-06,CR-101,ISO 7,Active air,1,Tech B
EM000458,2026-02-06,CR-101,ISO 7,Surface contact,0,Tech A
EM000459,2026-02-06,CR-101,ISO 7,Compressed air,0,Tech D
EM000460,2026-02-06,CR-101,ISO 7,Personnel glove,0,Tech B
EM000461,2026-02-06,CR-102,ISO 7,Active air,1,Tech A
EM000462,2026-02-06,CR-102,ISO 7,Surface contact,0,Tech C
EM000463,2026-02-06,CR-102,ISO 7,Compressed air,0,Tech D
EM000464,2026-02-06,CR-102,ISO 7,Personnel glove,0,Tech B
EM000465,2026-02-06,CR-201,ISO 8,Active air,2,Tech C
EM000466,2026-02-06,CR-201,ISO 8,Surface contact,0,Tech A
EM000467,2026-02-06,CR-201,ISO 8,Compressed air,0,Tech B
EM000468,2026-02-06,CR-201,ISO 8,Personnel glove,0,Tech D
EM000469,2026-02-06,CR-202,ISO 8,Active air,3,Tech D
EM000470,2026-02-06,CR-202,ISO 8,Surface contact,4,Tech C
EM000471,2026-02-06,CR-202,ISO 8,Compressed air,0,Tech A
EM000472,2026-02-06,CR-202,ISO 8,Personnel glove,1,Tech A
EM000473,2026-02-06,Gowning,ISO 8,Active air,2,Tech B
EM000474,2026-02-06,Gowning,ISO 8,Surface contact,0,Tech C
EM000475,2026-02-06,Gowning,ISO 8,Personnel glove,0,Tech C
EM000476,2026-02-09,CR-101,ISO 7,Active air,0,Tech A
EM000477,2026-02-09,CR-101,ISO 7,Surface contact,1,Tech D
EM000478,2026-02-09,CR-101,ISO 7,Compressed air,0,Tech A
EM000479,2026-02-09,CR-101,ISO 7,Personnel glove,0,Tech C
EM000480,2026-02-09,CR-102,ISO 7,Active air,1,Tech C
EM000481,2026-02-09,CR-102,ISO 7,Surface contact,0,Tech A
EM000482,2026-02-09,CR-102,ISO 7,Compressed air,0,Tech B
EM000483,2026-02-09,CR-102,ISO 7,Personnel glove,0,Tech C
EM000484,2026-02-09,CR-201,ISO 8,Active air,1,Tech D
EM000485,2026-02-09,CR-201,ISO 8,Surface contact,0,Tech A
EM000486,2026-02-09,CR-201,ISO 8,Compressed air,0,Tech B
EM000487,2026-02-09,CR-201,ISO 8,Personnel glove,0,Tech C
EM000488,2026-02-09,CR-202,ISO 8,Active air,0,Tech B
EM000489,2026-02-09,CR-202,ISO 8,Surface contact,2,Tech D
EM000490,2026-02-09,CR-202,ISO 8,Compressed air,0,Tech A
EM000491,2026-02-09,CR-202,ISO 8,Personnel glove,0,Tech A
EM000492,2026-02-09,Gowning,ISO 8,Active air,1,Tech D
EM000493,2026-02-09,Gowning,ISO 8,Surface contact,1,Tech D
EM000494,2026-02-09,Gowning,ISO 8,Personnel glove,0,Tech C
EM000495,2026-02-10,CR-101,ISO 7,Active air,0,Tech D
EM000496,2026-02-10,CR-101,ISO 7,Surface contact,1,Tech A
EM000497,2026-02-10,CR-101,ISO 7,Compressed air,0,Tech C
EM000498,2026-02-10,CR-101,ISO 7,Personnel glove,0,Tech D
EM000499,2026-02-10,CR-102,ISO 7,Active air,1,Tech D
EM000500,2026-02-10,CR-102,ISO 7,Surface contact,0,Tech D
EM000501,2026-02-10,CR-102,ISO 7,Compressed air,0,Tech A
EM000502,2026-02-10,CR-102,ISO 7,Personnel glove,0,Tech A
EM000503,2026-02-10,CR-201,ISO 8,Active air,0,Tech C
EM000504,2026-02-10,CR-201,ISO 8,Surface contact,1,Tech D
EM000505,2026-02-10,CR-201,ISO 8,Compressed air,0,Tech D
EM000506,2026-02-10,CR-201,ISO 8,Personnel glove,0,Tech C
EM000507,2026-02-10,CR-202,ISO 8,Active air,3,Tech D
EM000508,2026-02-10,CR-202,ISO 8,Surface contact,3,Tech C
EM000509,2026-02-10,CR-202,ISO 8,Compressed air,0,Tech B
EM000510,2026-02-10,CR-202,ISO 8,Personnel glove,0,Tech C
EM000511,2026-02-10,Gowning,ISO 8,Active air,2,Tech D
EM000512,2026-02-10,Gowning,ISO 8,Surface contact,2,Tech A
EM000513,2026-02-10,Gowning,ISO 8,Personnel glove,0,Tech A
EM000514,2026-02-11,CR-101,ISO 7,Active air,0,Tech A
EM000515,2026-02-11,CR-101,ISO 7,Surface contact,0,Tech C
EM000516,2026-02-11,CR-101,ISO 7,Compressed air,0,Tech A
EM000517,2026-02-11,CR-101,ISO 7,Personnel glove,0,Tech A
EM000518,2026-02-11,CR-102,ISO 7,Active air,0,Tech C
EM000519,2026-02-11,CR-102,ISO 7,Surface contact,0,Tech D
EM000520,2026-02-11,CR-102,ISO 7,Compressed air,0,Tech A
EM000521,2026-02-11,CR-102,ISO 7,Personnel glove,0,Tech D
EM000522,2026-02-11,CR-201,ISO 8,Active air,3,Tech B
EM000523,2026-02-11,CR-201,ISO 8,Surface contact,0,Tech C
EM000524,2026-02-11,CR-201,ISO 8,Compressed air,0,Tech B
EM000525,2026-02-11,CR-201,ISO 8,Personnel glove,0,Tech D
EM000526,2026-02-11,CR-202,ISO 8,Active air,2,Tech D
EM000527,2026-02-11,CR-202,ISO 8,Surface contact,1,Tech D
EM000528,2026-02-11,CR-202,ISO 8,Compressed air,0,Tech A
EM000529,2026-02-11,CR-202,ISO 8,Personnel glove,0,Tech B
EM000530,2026-02-11,Gowning,ISO 8,Active air,2,Tech C
EM000531,2026-02-11,Gowning,ISO 8,Surface contact,0,Tech D
EM000532,2026-02-11,Gowning,ISO 8,Personnel glove,0,Tech D
EM000533,2026-02-12,CR-101,ISO 7,Active air,1,Tech A
EM000534,2026-02-12,CR-101,ISO 7,Surface contact,0,Tech B
EM000535,2026-02-12,CR-101,ISO 7,Compressed air,0,Tech C
EM000536,2026-02-12,CR-101,ISO 7,Personnel glove,0,Tech B
EM000537,2026-02-12,CR-102,ISO 7,Active air,2,Tech B
EM000538,2026-02-12,CR-102,ISO 7,Surface contact,0,Tech C
EM000539,2026-02-12,CR-102,ISO 7,Compressed air,0,Tech B
EM000540,2026-02-12,CR-102,ISO 7,Personnel glove,0,Tech D
EM000541,2026-02-12,CR-201,ISO 8,Active air,0,Tech D
EM000542,2026-02-12,CR-201,ISO 8,Surface contact,1,Tech B
EM000543,2026-02-12,CR-201,ISO 8,Compressed air,0,Tech A
EM000544,2026-02-12,CR-201,ISO 8,Personnel glove,0,Tech B
EM000545,2026-02-12,CR-202,ISO 8,Active air,1,Tech C
EM000546,2026-02-12,CR-202,ISO 8,Surface contact,1,Tech C
EM000547,2026-02-12,CR-202,ISO 8,Compressed air,0,Tech B
EM000548,2026-02-12,CR-202,ISO 8,Personnel glove,0,Tech A
EM000549,2026-02-12,Gowning,ISO 8,Active air,2,Tech D
EM000550,2026-02-12,Gowning,ISO 8,Surface contact,1,Tech D
EM000551,2026-02-12,Gowning,ISO 8,Personnel glove,0,Tech C
EM000552,2026-02-13,CR-101,ISO 7,Active air,2,Tech D
EM000553,2026-02-13,CR-101,ISO 7,Surface contact,1,Tech B
EM000554,2026-02-13,CR-101,ISO 7,Compressed air,0,Tech D
EM000555,2026-02-13,CR-101,ISO 7,Personnel glove,0,Tech D
EM000556,2026-02-13,CR-102,ISO 7,Active air,1,Tech B
EM000557,2026-02-13,CR-102,ISO 7,Surface contact,0,Tech A
EM000558,2026-02-13,CR-102,ISO 7,Compressed air,0,Tech A
EM000559,2026-02-13,CR-102,ISO 7,Personnel glove,0,Tech A
EM000560,2026-02-13,CR-201,ISO 8,Active air,1,Tech A
EM000561,2026-02-13,CR-201,ISO 8,Surface contact,0,Tech D
EM000562,2026-02-13,CR-201,ISO 8,Compressed air,0,Tech D
EM000563,2026-02-13,CR-201,ISO 8,Personnel glove,0,Tech D
EM000564,2026-02-13,CR-202,ISO 8,Active air,5,Tech A
EM000565,2026-02-13,CR-202,ISO 8,Surface contact,0,Tech C
EM000566,2026-02-13,CR-202,ISO 8,Compressed air,0,Tech B
EM000567,2026-02-13,CR-202,ISO 8,Personnel glove,0,Tech B
EM000568,2026-02-13,Gowning,ISO 8,Active air,0,Tech B
EM000569,2026-02-13,Gowning,ISO 8,Surface contact,3,Tech D
EM000570,2026-02-13,Gowning,ISO 8,Personnel glove,0,Tech A
EM000571,2026-02-16,CR-101,ISO 7,Active air,0,Tech B
EM000572,2026-02-16,CR-101,ISO 7,Surface contact,1,Tech D
EM000573,2026-02-16,CR-101,ISO 7,Compressed air,0,Tech C
EM000574,2026-02-16,CR-101,ISO 7,Personnel glove,0,Tech D
EM000575,2026-02-16,CR-102,ISO 7,Active air,2,Tech B
EM000576,2026-02-16,CR-102,ISO 7,Surface contact,0,Tech C
EM000577,2026-02-16,CR-102,ISO 7,Compressed air,1,Tech B
EM000578,2026-02-16,CR-102,ISO 7,Personnel glove,0,Tech D
EM000579,2026-02-16,CR-201,ISO 8,Active air,2,Tech B
EM000580,2026-02-16,CR-201,ISO 8,Surface contact,0,Tech A
EM000581,2026-02-16,CR-201,ISO 8,Compressed air,0,Tech C
EM000582,2026-02-16,CR-201,ISO 8,Personnel glove,0,Tech D
EM000583,2026-02-16,CR-202,ISO 8,Active air,4,Tech D
EM000584,2026-02-16,CR-202,ISO 8,Surface contact,1,Tech C
EM000585,2026-02-16,CR-202,ISO 8,Compressed air,0,Tech A
EM000586,2026-02-16,CR-202,ISO 8,Personnel glove,0,Tech A
EM000587,2026-02-16,Gowning,ISO 8,Active air,1,Tech D
EM000588,2026-02-16,Gowning,ISO 8,Surface contact,1,Tech A
EM000589,2026-02-16,Gowning,ISO 8,Personnel glove,0,Tech C
EM000590,2026-02-17,CR-101,ISO 7,Active air,0,Tech B
EM000591,2026-02-17,CR-101,ISO 7,Surface contact,0,Tech A
EM000592,2026-02-17,CR-101,ISO 7,Compressed air,0,Tech D
EM000593,2026-02-17,CR-101,ISO 7,Personnel glove,0,Tech D
EM000594,2026-02-17,CR-102,ISO 7,Active air,5,Tech A
EM000595,2026-02-17,CR-102,ISO 7,Surface contact,0,Tech D
EM000596,2026-02-17,CR-102,ISO 7,Compressed air,0,Tech A
EM000597,2026-02-17,CR-102,ISO 7,Personnel glove,0,Tech B
EM000598,2026-02-17,CR-201,ISO 8,Active air,0,Tech B
EM000599,2026-02-17,CR-201,ISO 8,Surface contact,0,Tech D
EM000600,2026-02-17,CR-201,ISO 8,Compressed air,0,Tech D
EM000601,2026-02-17,CR-201,ISO 8,Personnel glove,0,Tech D
EM000602,2026-02-17,CR-202,ISO 8,Active air,2,Tech B
EM000603,2026-02-17,CR-202,ISO 8,Surface contact,0,Tech B
EM000604,2026-02-17,CR-202,ISO 8,Compressed air,1,Tech D
EM000605,2026-02-17,CR-202,ISO 8,Personnel glove,0,Tech D
EM000606,2026-02-17,Gowning,ISO 8,Active air,2,Tech A
EM000607,2026-02-17,Gowning,ISO 8,Surface contact,0,Tech B
EM000608,2026-02-17,Gowning,ISO 8,Personnel glove,1,Tech A
EM000609,2026-02-18,CR-101,ISO 7,Active air,1,Tech D
EM000610,2026-02-18,CR-101,ISO 7,Surface contact,0,Tech A
EM000611,2026-02-18,CR-101,ISO 7,Compressed air,0,Tech C
EM000612,2026-02-18,CR-101,ISO 7,Personnel glove,0,Tech A
EM000613,2026-02-18,CR-102,ISO 7,Active air,1,Tech C
EM000614,2026-02-18,CR-102,ISO 7,Surface contact,0,Tech C
EM000615,2026-02-18,CR-102,ISO 7,Compressed air,0,Tech A
EM000616,2026-02-18,CR-102,ISO 7,Personnel glove,0,Tech C
EM000617,2026-02-18,CR-201,ISO 8,Active air,0,Tech D
EM000618,2026-02-18,CR-201,ISO 8,Surface contact,0,Tech B
EM000619,2026-02-18,CR-201,ISO 8,Compressed air,0,Tech A
EM000620,2026-02-18,CR-201,ISO 8,Personnel glove,0,Tech D
EM000621,2026-02-18,CR-202,ISO 8,Active air,3,Tech D
EM000622,2026-02-18,CR-202,ISO 8,Surface contact,0,Tech A
EM000623,2026-02-18,CR-202,ISO 8,Compressed air,0,Tech A
EM000624,2026-02-18,CR-202,ISO 8,Personnel glove,0,Tech D
EM000625,2026-02-18,Gowning,ISO 8,Active air,4,Tech D
EM000626,2026-02-18,Gowning,ISO 8,Surface contact,0,Tech C
EM000627,2026-02-18,Gowning,ISO 8,Personnel glove,0,Tech C
EM000628,2026-02-19,CR-101,ISO 7,Active air,1,Tech C
EM000629,2026-02-19,CR-101,ISO 7,Surface contact,0,Tech B
EM000630,2026-02-19,CR-101,ISO 7,Compressed air,0,Tech D
EM000631,2026-02-19,CR-101,ISO 7,Personnel glove,0,Tech B
EM000632,2026-02-19,CR-102,ISO 7,Active air,2,Tech B
EM000633,2026-02-19,CR-102,ISO 7,Surface contact,1,Tech B
EM000634,2026-02-19,CR-102,ISO 7,Compressed air,0,Tech C
EM000635,2026-02-19,CR-102,ISO 7,Personnel glove,0,Tech A
EM000636,2026-02-19,CR-201,ISO 8,Active air,2,Tech B
EM000637,2026-02-19,CR-201,ISO 8,Surface contact,1,Tech B
EM000638,2026-02-19,CR-201,ISO 8,Compressed air,0,Tech A
EM000639,2026-02-19,CR-201,ISO 8,Personnel glove,0,Tech C
EM000640,2026-02-19,CR-202,ISO 8,Active air,3,Tech D
EM000641,2026-02-19,CR-202,ISO 8,Surface contact,1,Tech B
EM000642,2026-02-19,CR-202,ISO 8,Compressed air,0,Tech C
EM000643,2026-02-19,CR-202,ISO 8,Personnel glove,0,Tech A
EM000644,2026-02-19,Gowning,ISO 8,Active air,1,Tech A
EM000645,2026-02-19,Gowning,ISO 8,Surface contact,1,Tech A
EM000646,2026-02-19,Gowning,ISO 8,Personnel glove,0,Tech C
EM000647,2026-02-20,CR-101,ISO 7,Active air,1,Tech D
EM000648,2026-02-20,CR-101,ISO 7,Surface contact,1,Tech D
EM000649,2026-02-20,CR-101,ISO 7,Compressed air,0,Tech C
EM000650,2026-02-20,CR-101,ISO 7,Personnel glove,0,Tech C
EM000651,2026-02-20,CR-102,ISO 7,Active air,2,Tech D
EM000652,2026-02-20,CR-102,ISO 7,Surface contact,0,Tech B
EM000653,2026-02-20,CR-102,ISO 7,Compressed air,1,Tech A
EM000654,2026-02-20,CR-102,ISO 7,Personnel glove,0,Tech C
EM000655,2026-02-20,CR-201,ISO 8,Active air,1,Tech B
EM000656,2026-02-20,CR-201,ISO 8,Surface contact,0,Tech B
EM000657,2026-02-20,CR-201,ISO 8,Compressed air,0,Tech C
EM000658,2026-02-20,CR-201,ISO 8,Personnel glove,0,Tech C
EM000659,2026-02-20,CR-202,ISO 8,Active air,3,Tech C
EM000660,2026-02-20,CR-202,ISO 8,Surface contact,2,Tech C
EM000661,2026-02-20,CR-202,ISO 8,Compressed air,0,Tech D
EM000662,2026-02-20,CR-202,ISO 8,Personnel glove,2,Tech D
EM000663,2026-02-20,Gowning,ISO 8,Active air,2,Tech D
EM000664,2026-02-20,Gowning,ISO 8,Surface contact,1,Tech C
EM000665,2026-02-20,Gowning,ISO 8,Personnel glove,0,Tech C
EM000666,2026-02-23,CR-101,ISO 7,Active air,0,Tech C
EM000667,2026-02-23,CR-101,ISO 7,Surface contact,1,Tech C
EM000668,2026-02-23,CR-101,ISO 7,Compressed air,0,Tech B
EM000669,2026-02-23,CR-101,ISO 7,Personnel glove,0,Tech A
EM000670,2026-02-23,CR-102,ISO 7,Active air,1,Tech D
EM000671,2026-02-23,CR-102,ISO 7,Surface contact,1,Tech C
EM000672,2026-02-23,CR-102,ISO 7,Compressed air,0,Tech A
EM000673,2026-02-23,CR-102,ISO 7,Personnel glove,0,Tech C
EM000674,2026-02-23,CR-201,ISO 8,Active air,1,Tech A
EM000675,2026-02-23,CR-201,ISO 8,Surface contact,1,Tech D
EM000676,2026-02-23,CR-201,ISO 8,Compressed air,1,Tech A
EM000677,2026-02-23,CR-201,ISO 8,Personnel glove,0,Tech C
EM000678,2026-02-23,CR-202,ISO 8,Active air,0,Tech B
EM000679,2026-02-23,CR-202,ISO 8,Surface contact,2,Tech D
EM000680,2026-02-23,CR-202,ISO 8,Compressed air,0,Tech C
EM000681,2026-02-23,CR-202,ISO 8,Personnel glove,1,Tech A
EM000682,2026-02-23,Gowning,ISO 8,Active air,1,Tech A
EM000683,2026-02-23,Gowning,ISO 8,Surface contact,0,Tech C
EM000684,2026-02-23,Gowning,ISO 8,Personnel glove,1,Tech B
EM000685,2026-02-24,CR-101,ISO 7,Active air,0,Tech D
EM000686,2026-02-24,CR-101,ISO 7,Surface contact,1,Tech D
EM000687,2026-02-24,CR-101,ISO 7,Compressed air,0,Tech B
EM000688,2026-02-24,CR-101,ISO 7,Personnel glove,0,Tech A
EM000689,2026-02-24,CR-102,ISO 7,Active air,0,Tech A
EM000690,2026-02-24,CR-102,ISO 7,Surface contact,1,Tech D
EM000691,2026-02-24,CR-102,ISO 7,Compressed air,0,Tech C
EM000692,2026-02-24,CR-102,ISO 7,Personnel glove,0,Tech B
EM000693,2026-02-24,CR-201,ISO 8,Active air,1,Tech A
EM000694,2026-02-24,CR-201,ISO 8,Surface contact,1,Tech B
EM000695,2026-02-24,CR-201,ISO 8,Compressed air,0,Tech A
EM000696,2026-02-24,CR-201,ISO 8,Personnel glove,0,Tech D
EM000697,2026-02-24,CR-202,ISO 8,Active air,1,Tech A
EM000698,2026-02-24,CR-202,ISO 8,Surface contact,1,Tech C
EM000699,2026-02-24,CR-202,ISO 8,Compressed air,0,Tech C
EM000700,2026-02-24,CR-202,ISO 8,Personnel glove,0,Tech C
EM000701,2026-02-24,Gowning,ISO 8,Active air,3,Tech D
EM000702,2026-02-24,Gowning,ISO 8,Surface contact,0,Tech C
EM000703,2026-02-24,Gowning,ISO 8,Personnel glove,0,Tech B
EM000704,2026-02-25,CR-101,ISO 7,Active air,2,Tech D
EM000705,2026-02-25,CR-101,ISO 7,Surface contact,0,Tech D
EM000706,2026-02-25,CR-101,ISO 7,Compressed air,0,Tech C
EM000707,2026-02-25,CR-101,ISO 7,Personnel glove,0,Tech A
EM000708,2026-02-25,CR-102,ISO 7,Active air,1,Tech C
EM000709,2026-02-25,CR-102,ISO 7,Surface contact,0,Tech A
EM000710,2026-02-25,CR-102,ISO 7,Compressed air,0,Tech D
EM000711,2026-02-25,CR-102,ISO 7,Personnel glove,0,Tech A
EM000712,2026-02-25,CR-201,ISO 8,Active air,2,Tech C
EM000713,2026-02-25,CR-201,ISO 8,Surface contact,2,Tech A
EM000714,2026-02-25,CR-201,ISO 8,Compressed air,0,Tech A
EM000715,2026-02-25,CR-201,ISO 8,Personnel glove,1,Tech A
EM000716,2026-02-25,CR-202,ISO 8,Active air,5,Tech A
EM000717,2026-02-25,CR-202,ISO 8,Surface contact,0,Tech B
EM000718,2026-02-25,CR-202,ISO 8,Compressed air,0,Tech B
EM000719,2026-02-25,CR-202,ISO 8,Personnel glove,0,Tech B
EM000720,2026-02-25,Gowning,ISO 8,Active air,3,Tech B
EM000721,2026-02-25,Gowning,ISO 8,Surface contact,1,Tech B
EM000722,2026-02-25,Gowning,ISO 8,Personnel glove,0,Tech D
EM000723,2026-02-26,CR-101,ISO 7,Active air,0,Tech D
EM000724,2026-02-26,CR-101,ISO 7,Surface contact,1,Tech A
EM000725,2026-02-26,CR-101,ISO 7,Compressed air,0,Tech D
EM000726,2026-02-26,CR-101,ISO 7,Personnel glove,0,Tech B
EM000727,2026-02-26,CR-102,ISO 7,Active air,3,Tech D
EM000728,2026-02-26,CR-102,ISO 7,Surface contact,2,Tech B
EM000729,2026-02-26,CR-102,ISO 7,Compressed air,1,Tech D
EM000730,2026-02-26,CR-102,ISO 7,Personnel glove,0,Tech B
EM000731,2026-02-26,CR-201,ISO 8,Active air,2,Tech A
EM000732,2026-02-26,CR-201,ISO 8,Surface contact,1,Tech C
EM000733,2026-02-26,CR-201,ISO 8,Compressed air,0,Tech A
EM000734,2026-02-26,CR-201,ISO 8,Personnel glove,0,Tech C
EM000735,2026-02-26,CR-202,ISO 8,Active air,2,Tech B
EM000736,2026-02-26,CR-202,ISO 8,Surface contact,2,Tech D
EM000737,2026-02-26,CR-202,ISO 8,Compressed air,0,Tech C
EM000738,2026-02-26,CR-202,ISO 8,Personnel glove,0,Tech B
EM000739,2026-02-26,Gowning,ISO 8,Active air,0,Tech D
EM000740,2026-02-26,Gowning,ISO 8,Surface contact,0,Tech B
EM000741,2026-02-26,Gowning,ISO 8,Personnel glove,0,Tech C
EM000742,2026-02-27,CR-101,ISO 7,Active air,0,Tech D
EM000743,2026-02-27,CR-101,ISO 7,Surface contact,0,Tech C
EM000744,2026-02-27,CR-101,ISO 7,Compressed air,0,Tech A
EM000745,2026-02-27,CR-101,ISO 7,Personnel glove,0,Tech B
EM000746,2026-02-27,CR-102,ISO 7,Active air,2,Tech D
EM000747,2026-02-27,CR-102,ISO 7,Surface contact,1,Tech D
EM000748,2026-02-27,CR-102,ISO 7,Compressed air,0,Tech C
EM000749,2026-02-27,CR-102,ISO 7,Personnel glove,0,Tech A
EM000750,2026-02-27,CR-201,ISO 8,Active air,1,Tech A
EM000751,2026-02-27,CR-201,ISO 8,Surface contact,1,Tech C
EM000752,2026-02-27,CR-201,ISO 8,Compressed air,0,Tech A
EM000753,2026-02-27,CR-201,ISO 8,Personnel glove,0,Tech A
EM000754,2026-02-27,CR-202,ISO 8,Active air,4,Tech C
EM000755,2026-02-27,CR-202,ISO 8,Surface contact,0,Tech C
EM000756,2026-02-27,CR-202,ISO 8,Compressed air,0,Tech D
EM000757,2026-02-27,CR-202,ISO 8,Personnel glove,0,Tech C
EM000758,2026-02-27,Gowning,ISO 8,Active air,2,Tech C
EM000759,2026-02-27,Gowning,ISO 8,Surface contact,0,Tech B
EM000760,2026-02-27,Gowning,ISO 8,Personnel glove,0,Tech A
EM000761,2026-03-02,CR-101,ISO 7,Active air,1,Tech C
EM000762,2026-03-02,CR-101,ISO 7,Surface contact,0,Tech A
EM000763,2026-03-02,CR-101,ISO 7,Compressed air,1,Tech C
EM000764,2026-03-02,CR-101,ISO 7,Personnel glove,0,Tech B
EM000765,2026-03-02,CR-102,ISO 7,Active air,1,Tech A
EM000766,2026-03-02,CR-102,ISO 7,Surface contact,0,Tech C
EM000767,2026-03-02,CR-102,ISO 7,Compressed air,0,Tech D
EM000768,2026-03-02,CR-102,ISO 7,Personnel glove,0,Tech D
EM000769,2026-03-02,CR-201,ISO 8,Active air,1,Tech B
EM000770,2026-03-02,CR-201,ISO 8,Surface contact,0,Tech C
EM000771,2026-03-02,CR-201,ISO 8,Compressed air,0,Tech B
EM000772,2026-03-02,CR-201,ISO 8,Personnel glove,0,Tech A
EM000773,2026-03-02,CR-202,ISO 8,Active air,4,Tech D
EM000774,2026-03-02,CR-202,ISO 8,Surface contact,1,Tech D
EM000775,2026-03-02,CR-202,ISO 8,Compressed air,0,Tech D
EM000776,2026-03-02,CR-202,ISO 8,Personnel glove,0,Tech C
EM000777,2026-03-02,Gowning,ISO 8,Active air,1,Tech A
EM000778,2026-03-02,Gowning,ISO 8,Surface contact,0,Tech A
EM000779,2026-03-02,Gowning,ISO 8,Personnel glove,1,Tech C
EM000780,2026-03-03,CR-101,ISO 7,Active air,0,Tech C
EM000781,2026-03-03,CR-101,ISO 7,Surface contact,0,Tech C
EM000782,2026-03-03,CR-101,ISO 7,Compressed air,0,Tech D
EM000783,2026-03-03,CR-101,ISO 7,Personnel glove,0,Tech B
EM000784,2026-03-03,CR-102,ISO 7,Active air,0,Tech D
EM000785,2026-03-03,CR-102,ISO 7,Surface contact,3,Tech A
EM000786,2026-03-03,CR-102,ISO 7,Compressed air,0,Tech B
EM000787,2026-03-03,CR-102,ISO 7,Personnel glove,0,Tech A
EM000788,2026-03-03,CR-201,ISO 8,Active air,0,Tech C
EM000789,2026-03-03,CR-201,ISO 8,Surface contact,1,Tech D
EM000790,2026-03-03,CR-201,ISO 8,Compressed air,0,Tech C
EM000791,2026-03-03,CR-201,ISO 8,Personnel glove,0,Tech A
EM000792,2026-03-03,CR-202,ISO 8,Active air,2,Tech C
EM000793,2026-03-03,CR-202,ISO 8,Surface contact,0,Tech D
EM000794,2026-03-03,CR-202,ISO 8,Compressed air,0,Tech D
EM000795,2026-03-03,CR-202,ISO 8,Personnel glove,0,Tech D
EM000796,2026-03-03,Gowning,ISO 8,Active air,1,Tech D
EM000797,2026-03-03,Gowning,ISO 8,Surface contact,2,Tech D
EM000798,2026-03-03,Gowning,ISO 8,Personnel glove,0,Tech D
EM000799,2026-03-04,CR-101,ISO 7,Active air,0,Tech A
EM000800,2026-03-04,CR-101,ISO 7,Surface contact,0,Tech B
EM000801,2026-03-04,CR-101,ISO 7,Compressed air,0,Tech A
EM000802,2026-03-04,CR-101,ISO 7,Personnel glove,0,Tech D
EM000803,2026-03-04,CR-102,ISO 7,Active air,1,Tech A
EM000804,2026-03-04,CR-102,ISO 7,Surface contact,0,Tech A
EM000805,2026-03-04,CR-102,ISO 7,Compressed air,0,Tech B
EM000806,2026-03-04,CR-102,ISO 7,Personnel glove,0,Tech D
EM000807,2026-03-04,CR-201,ISO 8,Active air,1,Tech C
EM000808,2026-03-04,CR-201,ISO 8,Surface contact,0,Tech D
EM000809,2026-03-04,CR-201,ISO 8,Compressed air,0,Tech B
EM000810,2026-03-04,CR-201,ISO 8,Personnel glove,0,Tech C
EM000811,2026-03-04,CR-202,ISO 8,Active air,2,Tech A
EM000812,2026-03-04,CR-202,ISO 8,Surface contact,0,Tech D
EM000813,2026-03-04,CR-202,ISO 8,Compressed air,0,Tech B
EM000814,2026-03-04,CR-202,ISO 8,Personnel glove,0,Tech C
EM000815,2026-03-04,Gowning,ISO 8,Active air,0,Tech B
EM000816,2026-03-04,Gowning,ISO 8,Surface contact,0,Tech D
EM000817,2026-03-04,Gowning,ISO 8,Personnel glove,0,Tech C
EM000818,2026-03-05,CR-101,ISO 7,Active air,1,Tech C
EM000819,2026-03-05,CR-101,ISO 7,Surface contact,0,Tech C
EM000820,2026-03-05,CR-101,ISO 7,Compressed air,0,Tech A
EM000821,2026-03-05,CR-101,ISO 7,Personnel glove,1,Tech A
EM000822,2026-03-05,CR-102,ISO 7,Active air,0,Tech B
EM000823,2026-03-05,CR-102,ISO 7,Surface contact,2,Tech A
EM000824,2026-03-05,CR-102,ISO 7,Compressed air,0,Tech A
EM000825,2026-03-05,CR-102,ISO 7,Personnel glove,0,Tech C
EM000826,2026-03-05,CR-201,ISO 8,Active air,0,Tech A
EM000827,2026-03-05,CR-201,ISO 8,Surface contact,0,Tech C
EM000828,2026-03-05,CR-201,ISO 8,Compressed air,0,Tech C
EM000829,2026-03-05,CR-201,ISO 8,Personnel glove,0,Tech A
EM000830,2026-03-05,CR-202,ISO 8,Active air,2,Tech D
EM000831,2026-03-05,CR-202,ISO 8,Surface contact,0,Tech A
EM000832,2026-03-05,CR-202,ISO 8,Compressed air,0,Tech C
EM000833,2026-03-05,CR-202,ISO 8,Personnel glove,0,Tech C
EM000834,2026-03-05,Gowning,ISO 8,Active air,1,Tech B
EM000835,2026-03-05,Gowning,ISO 8,Surface contact,0,Tech B
EM000836,2026-03-05,Gowning,ISO 8,Personnel glove,0,Tech A
EM000837,2026-03-06,CR-101,ISO 7,Active air,0,Tech B
EM000838,2026-03-06,CR-101,ISO 7,Surface contact,0,Tech D
EM000839,2026-03-06,CR-101,ISO 7,Compressed air,0,Tech D
EM000840,2026-03-06,CR-101,ISO 7,Personnel glove,0,Tech B
EM000841,2026-03-06,CR-102,ISO 7,Active air,1,Tech B
EM000842,2026-03-06,CR-102,ISO 7,Surface contact,0,Tech B
EM000843,2026-03-06,CR-102,ISO 7,Compressed air,0,Tech D
EM000844,2026-03-06,CR-102,ISO 7,Personnel glove,0,Tech A
EM000845,2026-03-06,CR-201,ISO 8,Active air,2,Tech C
EM000846,2026-03-06,CR-201,ISO 8,Surface contact,1,Tech A
EM000847,2026-03-06,CR-201,ISO 8,Compressed air,0,Tech C
EM000848,2026-03-06,CR-201,ISO 8,Personnel glove,0,Tech C
EM000849,2026-03-06,CR-202,ISO 8,Active air,4,Tech A
EM000850,2026-03-06,CR-202,ISO 8,Surface contact,0,Tech C
EM000851,2026-03-06,CR-202,ISO 8,Compressed air,0,Tech B
EM000852,2026-03-06,CR-202,ISO 8,Personnel glove,0,Tech D
EM000853,2026-03-06,Gowning,ISO 8,Active air,1,Tech A
EM000854,2026-03-06,Gowning,ISO 8,Surface contact,0,Tech D
EM000855,2026-03-06,Gowning,ISO 8,Personnel glove,0,Tech B
EM000856,2026-03-09,CR-101,ISO 7,Active air,1,Tech B
EM000857,2026-03-09,CR-101,ISO 7,Surface contact,0,Tech B
EM000858,2026-03-09,CR-101,ISO 7,Compressed air,0,Tech B
EM000859,2026-03-09,CR-101,ISO 7,Personnel glove,0,Tech C
EM000860,2026-03-09,CR-102,ISO 7,Active air,0,Tech B
EM000861,2026-03-09,CR-102,ISO 7,Surface contact,0,Tech C
EM000862,2026-03-09,CR-102,ISO 7,Compressed air,0,Tech B
EM000863,2026-03-09,CR-102,ISO 7,Personnel glove,0,Tech A
EM000864,2026-03-09,CR-201,ISO 8,Active air,1,Tech A
EM000865,2026-03-09,CR-201,ISO 8,Surface contact,0,Tech D
EM000866,2026-03-09,CR-201,ISO 8,Compressed air,0,Tech A
EM000867,2026-03-09,CR-201,ISO 8,Personnel glove,0,Tech B
EM000868,2026-03-09,CR-202,ISO 8,Active air,4,Tech B
EM000869,2026-03-09,CR-202,ISO 8,Surface contact,0,Tech B
EM000870,2026-03-09,CR-202,ISO 8,Compressed air,0,Tech D
EM000871,2026-03-09,CR-202,ISO 8,Personnel glove,0,Tech D
EM000872,2026-03-09,Gowning,ISO 8,Active air,0,Tech A
EM000873,2026-03-09,Gowning,ISO 8,Surface contact,1,Tech D
EM000874,2026-03-09,Gowning,ISO 8,Personnel glove,0,Tech D
EM000875,2026-03-10,CR-101,ISO 7,Active air,0,Tech C
EM000876,2026-03-10,CR-101,ISO 7,Surface contact,1,Tech D
EM000877,2026-03-10,CR-101,ISO 7,Compressed air,0,Tech B
EM000878,2026-03-10,CR-101,ISO 7,Personnel glove,0,Tech A
EM000879,2026-03-10,CR-102,ISO 7,Active air,2,Tech D
EM000880,2026-03-10,CR-102,ISO 7,Surface contact,0,Tech B
EM000881,2026-03-10,CR-102,ISO 7,Compressed air,0,Tech C
EM000882,2026-03-10,CR-102,ISO 7,Personnel glove,0,Tech D
EM000883,2026-03-10,CR-201,ISO 8,Active air,1,Tech C
EM000884,2026-03-10,CR-201,ISO 8,Surface contact,0,Tech C
EM000885,2026-03-10,CR-201,ISO 8,Compressed air,0,Tech A
EM000886,2026-03-10,CR-201,ISO 8,Personnel glove,0,Tech A
EM000887,2026-03-10,CR-202,ISO 8,Active air,2,Tech D
EM000888,2026-03-10,CR-202,ISO 8,Surface contact,0,Tech B
EM000889,2026-03-10,CR-202,ISO 8,Compressed air,0,Tech C
EM000890,2026-03-10,CR-202,ISO 8,Personnel glove,0,Tech A
EM000891,2026-03-10,Gowning,ISO 8,Active air,2,Tech B
EM000892,2026-03-10,Gowning,ISO 8,Surface contact,1,Tech C
EM000893,2026-03-10,Gowning,ISO 8,Personnel glove,0,Tech D
EM000894,2026-03-11,CR-101,ISO 7,Active air,0,Tech D
EM000895,2026-03-11,CR-101,ISO 7,Surface contact,1,Tech B
EM000896,2026-03-11,CR-101,ISO 7,Compressed air,0,Tech B
EM000897,2026-03-11,CR-101,ISO 7,Personnel glove,0,Tech D
EM000898,2026-03-11,CR-102,ISO 7,Active air,2,Tech B
EM000899,2026-03-11,CR-102,ISO 7,Surface contact,1,Tech A
EM000900,2026-03-11,CR-102,ISO 7,Compressed air,0,Tech B
EM000901,2026-03-11,CR-102,ISO 7,Personnel glove,0,Tech B
EM000902,2026-03-11,CR-201,ISO 8,Active air,1,Tech D
EM000903,2026-03-11,CR-201,ISO 8,Surface contact,0,Tech B
EM000904,2026-03-11,CR-201,ISO 8,Compressed air,0,Tech A
EM000905,2026-03-11,CR-201,ISO 8,Personnel glove,0,Tech A
EM000906,2026-03-11,CR-202,ISO 8,Active air,0,Tech B
EM000907,2026-03-11,CR-202,ISO 8,Surface contact,0,Tech D
EM000908,2026-03-11,CR-202,ISO 8,Compressed air,0,Tech C
EM000909,2026-03-11,CR-202,ISO 8,Personnel glove,0,Tech D
EM000910,2026-03-11,Gowning,ISO 8,Active air,5,Tech A
EM000911,2026-03-11,Gowning,ISO 8,Surface contact,0,Tech C
EM000912,2026-03-11,Gowning,ISO 8,Personnel glove,0,Tech D
EM000913,2026-03-12,CR-101,ISO 7,Active air,2,Tech A
EM000914,2026-03-12,CR-101,ISO 7,Surface contact,2,Tech A
EM000915,2026-03-12,CR-101,ISO 7,Compressed air,0,Tech A
EM000916,2026-03-12,CR-101,ISO 7,Personnel glove,0,Tech C
EM000917,2026-03-12,CR-102,ISO 7,Active air,1,Tech D
EM000918,2026-03-12,CR-102,ISO 7,Surface contact,0,Tech D
EM000919,2026-03-12,CR-102,ISO 7,Compressed air,0,Tech A
EM000920,2026-03-12,CR-102,ISO 7,Personnel glove,0,Tech B
EM000921,2026-03-12,CR-201,ISO 8,Active air,3,Tech D
EM000922,2026-03-12,CR-201,ISO 8,Surface contact,1,Tech B
EM000923,2026-03-12,CR-201,ISO 8,Compressed air,0,Tech B
EM000924,2026-03-12,CR-201,ISO 8,Personnel glove,0,Tech B
EM000925,2026-03-12,CR-202,ISO 8,Active air,1,Tech C
EM000926,2026-03-12,CR-202,ISO 8,Surface contact,0,Tech C
EM000927,2026-03-12,CR-202,ISO 8,Compressed air,0,Tech B
EM000928,2026-03-12,CR-202,ISO 8,Personnel glove,0,Tech C
EM000929,2026-03-12,Gowning,ISO 8,Active air,2,Tech A
EM000930,2026-03-12,Gowning,ISO 8,Surface contact,1,Tech B
EM000931,2026-03-12,Gowning,ISO 8,Personnel glove,0,Tech D
EM000932,2026-03-13,CR-101,ISO 7,Active air,0,Tech C
EM000933,2026-03-13,CR-101,ISO 7,Surface contact,1,Tech D
EM000934,2026-03-13,CR-101,ISO 7,Compressed air,0,Tech A
EM000935,2026-03-13,CR-101,ISO 7,Personnel glove,0,Tech D
EM000936,2026-03-13,CR-102,ISO 7,Active air,2,Tech A
EM000937,2026-03-13,CR-102,ISO 7,Surface contact,0,Tech C
EM000938,2026-03-13,CR-102,ISO 7,Compressed air,0,Tech D
EM000939,2026-03-13,CR-102,ISO 7,Personnel glove,0,Tech B
EM000940,2026-03-13,CR-201,ISO 8,Active air,2,Tech C
EM000941,2026-03-13,CR-201,ISO 8,Surface contact,0,Tech C
EM000942,2026-03-13,CR-201,ISO 8,Compressed air,0,Tech D
EM000943,2026-03-13,CR-201,ISO 8,Personnel glove,0,Tech A
EM000944,2026-03-13,CR-202,ISO 8,Active air,0,Tech C
EM000945,2026-03-13,CR-202,ISO 8,Surface contact,1,Tech C
EM000946,2026-03-13,CR-202,ISO 8,Compressed air,0,Tech B
EM000947,2026-03-13,CR-202,ISO 8,Personnel glove,0,Tech D
EM000948,2026-03-13,Gowning,ISO 8,Active air,0,Tech B
EM000949,2026-03-13,Gowning,ISO 8,Surface contact,0,Tech B
EM000950,2026-03-13,Gowning,ISO 8,Personnel glove,0,Tech C
EM000951,2026-03-16,CR-101,ISO 7,Active air,1,Tech A
EM000952,2026-03-16,CR-101,ISO 7,Surface contact,0,Tech C
EM000953,2026-03-16,CR-101,ISO 7,Compressed air,0,Tech B
EM000954,2026-03-16,CR-101,ISO 7,Personnel glove,0,Tech A
EM000955,2026-03-16,CR-102,ISO 7,Active air,2,Tech D
EM000956,2026-03-16,CR-102,ISO 7,Surface contact,1,Tech B
EM000957,2026-03-16,CR-102,ISO 7,Compressed air,0,Tech C
EM000958,2026-03-16,CR-102,ISO 7,Personnel glove,0,Tech A
EM000959,2026-03-16,CR-201,ISO 8,Active air,1,Tech B
EM000960,2026-03-16,CR-201,ISO 8,Surface contact,1,Tech A
EM000961,2026-03-16,CR-201,ISO 8,Compressed air,0,Tech B
EM000962,2026-03-16,CR-201,ISO 8,Personnel glove,0,Tech A
EM000963,2026-03-16,CR-202,ISO 8,Active air,4,Tech B
EM000964,2026-03-16,CR-202,ISO 8,Surface contact,2,Tech B
EM000965,2026-03-16,CR-202,ISO 8,Compressed air,0,Tech B
EM000966,2026-03-16,CR-202,ISO 8,Personnel glove,0,Tech C
EM000967,2026-03-16,Gowning,ISO 8,Active air,1,Tech A
EM000968,2026-03-16,Gowning,ISO 8,Surface contact,2,Tech A
EM000969,2026-03-16,Gowning,ISO 8,Personnel glove,0,Tech D
EM000970,2026-03-17,CR-101,ISO 7,Active air,1,Tech A
EM000971,2026-03-17,CR-101,ISO 7,Surface contact,0,Tech A
EM000972,2026-03-17,CR-101,ISO 7,Compressed air,0,Tech B
EM000973,2026-03-17,CR-101,ISO 7,Personnel glove,0,Tech D
EM000974,2026-03-17,CR-102,ISO 7,Active air,0,Tech A
EM000975,2026-03-17,CR-102,ISO 7,Surface contact,1,Tech B
EM000976,2026-03-17,CR-102,ISO 7,Compressed air,1,Tech B
EM000977,2026-03-17,CR-102,ISO 7,Personnel glove,0,Tech A
EM000978,2026-03-17,CR-201,ISO 8,Active air,0,Tech A
EM000979,2026-03-17,CR-201,ISO 8,Surface contact,0,Tech D
EM000980,2026-03-17,CR-201,ISO 8,Compressed air,0,Tech B
EM000981,2026-03-17,CR-201,ISO 8,Personnel glove,0,Tech A
EM000982,2026-03-17,CR-202,ISO 8,Active air,4,Tech B
EM000983,2026-03-17,CR-202,ISO 8,Surface contact,1,Tech C
EM000984,2026-03-17,CR-202,ISO 8,Compressed air,0,Tech D
EM000985,2026-03-17,CR-202,ISO 8,Personnel glove,0,Tech B
EM000986,2026-03-17,Gowning,ISO 8,Active air,1,Tech A
EM000987,2026-03-17,Gowning,ISO 8,Surface contact,1,Tech B
EM000988,2026-03-17,Gowning,ISO 8,Personnel glove,0,Tech B
EM000989,2026-03-18,CR-101,ISO 7,Active air,1,Tech C
EM000990,2026-03-18,CR-101,ISO 7,Surface contact,1,Tech C
EM000991,2026-03-18,CR-101,ISO 7,Compressed air,0,Tech A
EM000992,2026-03-18,CR-101,ISO 7,Personnel glove,0,Tech C
EM000993,2026-03-18,CR-102,ISO 7,Active air,0,Tech B
EM000994,2026-03-18,CR-102,ISO 7,Surface contact,1,Tech A
EM000995,2026-03-18,CR-102,ISO 7,Compressed air,0,Tech B
EM000996,2026-03-18,CR-102,ISO 7,Personnel glove,0,Tech A
EM000997,2026-03-18,CR-201,ISO 8,Active air,0,Tech A
EM000998,2026-03-18,CR-201,ISO 8,Surface contact,0,Tech B
EM000999,2026-03-18,CR-201,ISO 8,Compressed air,0,Tech A
EM001000,2026-03-18,CR-201,ISO 8,Personnel glove,0,Tech C
EM001001,2026-03-18,CR-202,ISO 8,Active air,1,Tech D
EM001002,2026-03-18,CR-202,ISO 8,Surface contact,0,Tech D
EM001003,2026-03-18,CR-202,ISO 8,Compressed air,0,Tech C
EM001004,2026-03-18,CR-202,ISO 8,Personnel glove,0,Tech D
EM001005,2026-03-18,Gowning,ISO 8,Active air,2,Tech B
EM001006,2026-03-18,Gowning,ISO 8,Surface contact,0,Tech B
EM001007,2026-03-18,Gowning,ISO 8,Personnel glove,0,Tech C
EM001008,2026-03-19,CR-101,ISO 7,Active air,0,Tech B
EM001009,2026-03-19,CR-101,ISO 7,Surface contact,0,Tech A
EM001010,2026-03-19,CR-101,ISO 7,Compressed air,0,Tech D
EM001011,2026-03-19,CR-101,ISO 7,Personnel glove,0,Tech B
EM001012,2026-03-19,CR-102,ISO 7,Active air,1,Tech B
EM001013,2026-03-19,CR-102,ISO 7,Surface contact,1,Tech D
EM001014,2026-03-19,CR-102,ISO 7,Compressed air,0,Tech C
EM001015,2026-03-19,CR-102,ISO 7,Personnel glove,1,Tech B
EM001016,2026-03-19,CR-201,ISO 8,Active air,3,Tech B
EM001017,2026-03-19,CR-201,ISO 8,Surface contact,0,Tech C
EM001018,2026-03-19,CR-201,ISO 8,Compressed air,0,Tech B
EM001019,2026-03-19,CR-201,ISO 8,Personnel glove,1,Tech B
EM001020,2026-03-19,CR-202,ISO 8,Active air,3,Tech B
EM001021,2026-03-19,CR-202,ISO 8,Surface contact,2,Tech B
EM001022,2026-03-19,CR-202,ISO 8,Compressed air,0,Tech B
EM001023,2026-03-19,CR-202,ISO 8,Personnel glove,0,Tech D
EM001024,2026-03-19,Gowning,ISO 8,Active air,2,Tech A
EM001025,2026-03-19,Gowning,ISO 8,Surface contact,1,Tech D
EM001026,2026-03-19,Gowning,ISO 8,Personnel glove,0,Tech D
EM001027,2026-03-20,CR-101,ISO 7,Active air,0,Tech D
EM001028,2026-03-20,CR-101,ISO 7,Surface contact,0,Tech A
EM001029,2026-03-20,CR-101,ISO 7,Compressed air,0,Tech D
EM001030,2026-03-20,CR-101,ISO 7,Personnel glove,0,Tech B
EM001031,2026-03-20,CR-102,ISO 7,Active air,1,Tech B
EM001032,2026-03-20,CR-102,ISO 7,Surface contact,0,Tech B
EM001033,2026-03-20,CR-102,ISO 7,Compressed air,0,Tech A
EM001034,2026-03-20,CR-102,ISO 7,Personnel glove,0,Tech A
EM001035,2026-03-20,CR-201,ISO 8,Active air,2,Tech B
EM001036,2026-03-20,CR-201,ISO 8,Surface contact,0,Tech D
EM001037,2026-03-20,CR-201,ISO 8,Compressed air,0,Tech B
EM001038,2026-03-20,CR-201,ISO 8,Personnel glove,0,Tech C
EM001039,2026-03-20,CR-202,ISO 8,Active air,4,Tech A
EM001040,2026-03-20,CR-202,ISO 8,Surface contact,1,Tech C
EM001041,2026-03-20,CR-202,ISO 8,Compressed air,0,Tech D
EM001042,2026-03-20,CR-202,ISO 8,Personnel glove,0,Tech B
EM001043,2026-03-20,Gowning,ISO 8,Active air,0,Tech D
EM001044,2026-03-20,Gowning,ISO 8,Surface contact,1,Tech A
EM001045,2026-03-20,Gowning,ISO 8,Personnel glove,0,Tech B
EM001046,2026-03-23,CR-101,ISO 7,Active air,0,Tech B
EM001047,2026-03-23,CR-101,ISO 7,Surface contact,0,Tech A
EM001048,2026-03-23,CR-101,ISO 7,Compressed air,0,Tech A
EM001049,2026-03-23,CR-101,ISO 7,Personnel glove,0,Tech A
EM001050,2026-03-23,CR-102,ISO 7,Active air,1,Tech D
EM001051,2026-03-23,CR-102,ISO 7,Surface contact,0,Tech B
EM001052,2026-03-23,CR-102,ISO 7,Compressed air,0,Tech D
EM001053,2026-03-23,CR-102,ISO 7,Personnel glove,0,Tech C
EM001054,2026-03-23,CR-201,ISO 8,Active air,1,Tech B
EM001055,2026-03-23,CR-201,ISO 8,Surface contact,1,Tech D
EM001056,2026-03-23,CR-201,ISO 8,Compressed air,0,Tech C
EM001057,2026-03-23,CR-201,ISO 8,Personnel glove,0,Tech D
EM001058,2026-03-23,CR-202,ISO 8,Active air,3,Tech D
EM001059,2026-03-23,CR-202,ISO 8,Surface contact,0,Tech C
EM001060,2026-03-23,CR-202,ISO 8,Compressed air,0,Tech D
EM001061,2026-03-23,CR-202,ISO 8,Personnel glove,0,Tech C
EM001062,2026-03-23,Gowning,ISO 8,Active air,1,Tech A
EM001063,2026-03-23,Gowning,ISO 8,Surface contact,0,Tech D
EM001064,2026-03-23,Gowning,ISO 8,Personnel glove,0,Tech B
EM001065,2026-03-24,CR-101,ISO 7,Active air,0,Tech D
EM001066,2026-03-24,CR-101,ISO 7,Surface contact,1,Tech C
EM001067,2026-03-24,CR-101,ISO 7,Compressed air,0,Tech C
EM001068,2026-03-24,CR-101,ISO 7,Personnel glove,0,Tech C
EM001069,2026-03-24,CR-102,ISO 7,Active air,2,Tech C
EM001070,2026-03-24,CR-102,ISO 7,Surface contact,3,Tech D
EM001071,2026-03-24,CR-102,ISO 7,Compressed air,0,Tech A
EM001072,2026-03-24,CR-102,ISO 7,Personnel glove,0,Tech C
EM001073,2026-03-24,CR-201,ISO 8,Active air,2,Tech D
EM001074,2026-03-24,CR-201,ISO 8,Surface contact,1,Tech B
EM001075,2026-03-24,CR-201,ISO 8,Compressed air,0,Tech D
EM001076,2026-03-24,CR-201,ISO 8,Personnel glove,0,Tech C
EM001077,2026-03-24,CR-202,ISO 8,Active air,3,Tech C
EM001078,2026-03-24,CR-202,ISO 8,Surface contact,0,Tech B
EM001079,2026-03-24,CR-202,ISO 8,Compressed air,0,Tech C
EM001080,2026-03-24,CR-202,ISO 8,Personnel glove,0,Tech A
EM001081,2026-03-24,Gowning,ISO 8,Active air,2,Tech C
EM001082,2026-03-24,Gowning,ISO 8,Surface contact,1,Tech C
EM001083,2026-03-24,Gowning,ISO 8,Personnel glove,0,Tech A
EM001084,2026-03-25,CR-101,ISO 7,Active air,2,Tech D
EM001085,2026-03-25,CR-101,ISO 7,Surface contact,0,Tech C
EM001086,2026-03-25,CR-101,ISO 7,Compressed air,0,Tech D
EM001087,2026-03-25,CR-101,ISO 7,Personnel glove,0,Tech B
EM001088,2026-03-25,CR-102,ISO 7,Active air,0,Tech B
EM001089,2026-03-25,CR-102,ISO 7,Surface contact,0,Tech C
EM001090,2026-03-25,CR-102,ISO 7,Compressed air,0,Tech C
EM001091,2026-03-25,CR-102,ISO 7,Personnel glove,0,Tech C
EM001092,2026-03-25,CR-201,ISO 8,Active air,0,Tech D
EM001093,2026-03-25,CR-201,ISO 8,Surface contact,0,Tech B
EM001094,2026-03-25,CR-201,ISO 8,Compressed air,0,Tech A
EM001095,2026-03-25,CR-201,ISO 8,Personnel glove,0,Tech D
EM001096,2026-03-25,CR-202,ISO 8,Active air,2,Tech B
EM001097,2026-03-25,CR-202,ISO 8,Surface contact,0,Tech C
EM001098,2026-03-25,CR-202,ISO 8,Compressed air,0,Tech A
EM001099,2026-03-25,CR-202,ISO 8,Personnel glove,0,Tech C
EM001100,2026-03-25,Gowning,ISO 8,Active air,2,Tech C
EM001101,2026-03-25,Gowning,ISO 8,Surface contact,0,Tech A
EM001102,2026-03-25,Gowning,ISO 8,Personnel glove,0,Tech C
EM001103,2026-03-26,CR-101,ISO 7,Active air,4,Tech D
EM001104,2026-03-26,CR-101,ISO 7,Surface contact,0,Tech D
EM001105,2026-03-26,CR-101,ISO 7,Compressed air,0,Tech A
EM001106,2026-03-26,CR-101,ISO 7,Personnel glove,0,Tech A
EM001107,2026-03-26,CR-102,ISO 7,Active air,0,Tech B
EM001108,2026-03-26,CR-102,ISO 7,Surface contact,0,Tech C
EM001109,2026-03-26,CR-102,ISO 7,Compressed air,0,Tech C
EM001110,2026-03-26,CR-102,ISO 7,Personnel glove,0,Tech C
EM001111,2026-03-26,CR-201,ISO 8,Active air,0,Tech A
EM001112,2026-03-26,CR-201,ISO 8,Surface contact,0,Tech B
EM001113,2026-03-26,CR-201,ISO 8,Compressed air,0,Tech A
EM001114,2026-03-26,CR-201,ISO 8,Personnel glove,0,Tech A
EM001115,2026-03-26,CR-202,ISO 8,Active air,5,Tech A
EM001116,2026-03-26,CR-202,ISO 8,Surface contact,1,Tech D
EM001117,2026-03-26,CR-202,ISO 8,Compressed air,0,Tech C
EM001118,2026-03-26,CR-202,ISO 8,Personnel glove,0,Tech B
EM001119,2026-03-26,Gowning,ISO 8,Active air,2,Tech C
EM001120,2026-03-26,Gowning,ISO 8,Surface contact,1,Tech D
EM001121,2026-03-26,Gowning,ISO 8,Personnel glove,0,Tech A
EM001122,2026-03-27,CR-101,ISO 7,Active air,0,Tech D
EM001123,2026-03-27,CR-101,ISO 7,Surface contact,0,Tech A
EM001124,2026-03-27,CR-101,ISO 7,Compressed air,0,Tech C
EM001125,2026-03-27,CR-101,ISO 7,Personnel glove,0,Tech A
EM001126,2026-03-27,CR-102,ISO 7,Active air,2,Tech D
EM001127,2026-03-27,CR-102,ISO 7,Surface contact,1,Tech A
EM001128,2026-03-27,CR-102,ISO 7,Compressed air,1,Tech C
EM001129,2026-03-27,CR-102,ISO 7,Personnel glove,0,Tech D
EM001130,2026-03-27,CR-201,ISO 8,Active air,2,Tech C
EM001131,2026-03-27,CR-201,ISO 8,Surface contact,0,Tech C
EM001132,2026-03-27,CR-201,ISO 8,Compressed air,0,Tech C
EM001133,2026-03-27,CR-201,ISO 8,Personnel glove,0,Tech D
EM001134,2026-03-27,CR-202,ISO 8,Active air,2,Tech C
EM001135,2026-03-27,CR-202,ISO 8,Surface contact,0,Tech B
EM001136,2026-03-27,CR-202,ISO 8,Compressed air,0,Tech B
EM001137,2026-03-27,CR-202,ISO 8,Personnel glove,0,Tech A
EM001138,2026-03-27,Gowning,ISO 8,Active air,2,Tech D
EM001139,2026-03-27,Gowning,ISO 8,Surface contact,0,Tech D
EM001140,2026-03-27,Gowning,ISO 8,Personnel glove,0,Tech D
EM001141,2026-03-30,CR-101,ISO 7,Active air,3,Tech C
EM001142,2026-03-30,CR-101,ISO 7,Surface contact,0,Tech C
EM001143,2026-03-30,CR-101,ISO 7,Compressed air,0,Tech D
EM001144,2026-03-30,CR-101,ISO 7,Personnel glove,1,Tech C
EM001145,2026-03-30,CR-102,ISO 7,Active air,1,Tech C
EM001146,2026-03-30,CR-102,ISO 7,Surface contact,1,Tech D
EM001147,2026-03-30,CR-102,ISO 7,Compressed air,0,Tech B
EM001148,2026-03-30,CR-102,ISO 7,Personnel glove,0,Tech C
EM001149,2026-03-30,CR-201,ISO 8,Active air,2,Tech B
EM001150,2026-03-30,CR-201,ISO 8,Surface contact,0,Tech A
EM001151,2026-03-30,CR-201,ISO 8,Compressed air,0,Tech B
EM001152,2026-03-30,CR-201,ISO 8,Personnel glove,0,Tech C
EM001153,2026-03-30,CR-202,ISO 8,Active air,3,Tech C
EM001154,2026-03-30,CR-202,ISO 8,Surface contact,0,Tech B
EM001155,2026-03-30,CR-202,ISO 8,Compressed air,0,Tech C
EM001156,2026-03-30,CR-202,ISO 8,Personnel glove,0,Tech A
EM001157,2026-03-30,Gowning,ISO 8,Active air,2,Tech B
EM001158,2026-03-30,Gowning,ISO 8,Surface contact,0,Tech B
EM001159,2026-03-30,Gowning,ISO 8,Personnel glove,0,Tech D
EM001160,2026-03-31,CR-101,ISO 7,Active air,0,Tech C
EM001161,2026-03-31,CR-101,ISO 7,Surface contact,1,Tech B
EM001162,2026-03-31,CR-101,ISO 7,Compressed air,0,Tech D
EM001163,2026-03-31,CR-101,ISO 7,Personnel glove,0,Tech B
EM001164,2026-03-31,CR-102,ISO 7,Active air,0,Tech D
EM001165,2026-03-31,CR-102,ISO 7,Surface contact,1,Tech A
EM001166,2026-03-31,CR-102,ISO 7,Compressed air,0,Tech C
EM001167,2026-03-31,CR-102,ISO 7,Personnel glove,0,Tech D
EM001168,2026-03-31,CR-201,ISO 8,Active air,1,Tech A
EM001169,2026-03-31,CR-201,ISO 8,Surface contact,1,Tech D
EM001170,2026-03-31,CR-201,ISO 8,Compressed air,0,Tech B
EM001171,2026-03-31,CR-201,ISO 8,Personnel glove,0,Tech B
EM001172,2026-03-31,CR-202,ISO 8,Active air,3,Tech B
EM001173,2026-03-31,CR-202,ISO 8,Surface contact,1,Tech D
EM001174,2026-03-31,CR-202,ISO 8,Compressed air,0,Tech B
EM001175,2026-03-31,CR-202,ISO 8,Personnel glove,0,Tech C
EM001176,2026-03-31,Gowning,ISO 8,Active air,3,Tech B
EM001177,2026-03-31,Gowning,ISO 8,Surface contact,0,Tech A
EM001178,2026-03-31,Gowning,ISO 8,Personnel glove,0,Tech D
EM001179,2026-04-01,CR-101,ISO 7,Active air,0,Tech B
EM001180,2026-04-01,CR-101,ISO 7,Surface contact,0,Tech D
EM001181,2026-04-01,CR-101,ISO 7,Compressed air,0,Tech A
EM001182,2026-04-01,CR-101,ISO 7,Personnel glove,0,Tech A
EM001183,2026-04-01,CR-102,ISO 7,Active air,2,Tech D
EM001184,2026-04-01,CR-102,ISO 7,Surface contact,0,Tech D
EM001185,2026-04-01,CR-102,ISO 7,Compressed air,0,Tech C
EM001186,2026-04-01,CR-102,ISO 7,Personnel glove,0,Tech A
EM001187,2026-04-01,CR-201,ISO 8,Active air,0,Tech D
EM001188,2026-04-01,CR-201,ISO 8,Surface contact,1,Tech B
EM001189,2026-04-01,CR-201,ISO 8,Compressed air,0,Tech B
EM001190,2026-04-01,CR-201,ISO 8,Personnel glove,1,Tech D
EM001191,2026-04-01,CR-202,ISO 8,Active air,1,Tech A
EM001192,2026-04-01,CR-202,ISO 8,Surface contact,0,Tech B
EM001193,2026-04-01,CR-202,ISO 8,Compressed air,0,Tech A
EM001194,2026-04-01,CR-202,ISO 8,Personnel glove,0,Tech B
EM001195,2026-04-01,Gowning,ISO 8,Active air,2,Tech B
EM001196,2026-04-01,Gowning,ISO 8,Surface contact,1,Tech C
EM001197,2026-04-01,Gowning,ISO 8,Personnel glove,0,Tech B
EM001198,2026-04-02,CR-101,ISO 7,Active air,1,Tech A
EM001199,2026-04-02,CR-101,ISO 7,Surface contact,1,Tech B
EM001200,2026-04-02,CR-101,ISO 7,Compressed air,0,Tech D
EM001201,2026-04-02,CR-101,ISO 7,Personnel glove,0,Tech D
EM001202,2026-04-02,CR-102,ISO 7,Active air,1,Tech D
EM001203,2026-04-02,CR-102,ISO 7,Surface contact,0,Tech A
EM001204,2026-04-02,CR-102,ISO 7,Compressed air,0,Tech D
EM001205,2026-04-02,CR-102,ISO 7,Personnel glove,1,Tech C
EM001206,2026-04-02,CR-201,ISO 8,Active air,2,Tech D
EM001207,2026-04-02,CR-201,ISO 8,Surface contact,1,Tech A
EM001208,2026-04-02,CR-201,ISO 8,Compressed air,0,Tech C
EM001209,2026-04-02,CR-201,ISO 8,Personnel glove,0,Tech D
EM001210,2026-04-02,CR-202,ISO 8,Active air,3,Tech D
EM001211,2026-04-02,CR-202,ISO 8,Surface contact,1,Tech A
EM001212,2026-04-02,CR-202,ISO 8,Compressed air,0,Tech B
EM001213,2026-04-02,CR-202,ISO 8,Personnel glove,0,Tech A
EM001214,2026-04-02,Gowning,ISO 8,Active air,0,Tech B
EM001215,2026-04-02,Gowning,ISO 8,Surface contact,0,Tech C
EM001216,2026-04-02,Gowning,ISO 8,Personnel glove,0,Tech A
EM001217,2026-04-03,CR-101,ISO 7,Active air,0,Tech D
EM001218,2026-04-03,CR-101,ISO 7,Surface contact,0,Tech D
EM001219,2026-04-03,CR-101,ISO 7,Compressed air,0,Tech C
EM001220,2026-04-03,CR-101,ISO 7,Personnel glove,0,Tech B
EM001221,2026-04-03,CR-102,ISO 7,Active air,1,Tech B
EM001222,2026-04-03,CR-102,ISO 7,Surface contact,0,Tech B
EM001223,2026-04-03,CR-102,ISO 7,Compressed air,0,Tech C
EM001224,2026-04-03,CR-102,ISO 7,Personnel glove,0,Tech D
EM001225,2026-04-03,CR-201,ISO 8,Active air,2,Tech B
EM001226,2026-04-03,CR-201,ISO 8,Surface contact,1,Tech B
EM001227,2026-04-03,CR-201,ISO 8,Compressed air,0,Tech D
EM001228,2026-04-03,CR-201,ISO 8,Personnel glove,0,Tech B
EM001229,2026-04-03,CR-202,ISO 8,Active air,0,Tech C
EM001230,2026-04-03,CR-202,ISO 8,Surface contact,2,Tech D
EM001231,2026-04-03,CR-202,ISO 8,Compressed air,0,Tech C
EM001232,2026-04-03,CR-202,ISO 8,Personnel glove,0,Tech D
EM001233,2026-04-03,Gowning,ISO 8,Active air,1,Tech C
EM001234,2026-04-03,Gowning,ISO 8,Surface contact,1,Tech C
EM001235,2026-04-03,Gowning,ISO 8,Personnel glove,0,Tech C
EM001236,2026-04-06,CR-101,ISO 7,Active air,0,Tech B
EM001237,2026-04-06,CR-101,ISO 7,Surface contact,0,Tech A
EM001238,2026-04-06,CR-101,ISO 7,Compressed air,0,Tech A
EM001239,2026-04-06,CR-101,ISO 7,Personnel glove,0,Tech A
EM001240,2026-04-06,CR-102,ISO 7,Active air,0,Tech A
EM001241,2026-04-06,CR-102,ISO 7,Surface contact,1,Tech C
EM001242,2026-04-06,CR-102,ISO 7,Compressed air,0,Tech B
EM001243,2026-04-06,CR-102,ISO 7,Personnel glove,0,Tech A
EM001244,2026-04-06,CR-201,ISO 8,Active air,0,Tech D
EM001245,2026-04-06,CR-201,ISO 8,Surface contact,2,Tech D
EM001246,2026-04-06,CR-201,ISO 8,Compressed air,0,Tech C
EM001247,2026-04-06,CR-201,ISO 8,Personnel glove,0,Tech C
EM001248,2026-04-06,CR-202,ISO 8,Active air,3,Tech C
EM001249,2026-04-06,CR-202,ISO 8,Surface contact,0,Tech A
EM001250,2026-04-06,CR-202,ISO 8,Compressed air,0,Tech B
EM001251,2026-04-06,CR-202,ISO 8,Personnel glove,0,Tech A
EM001252,2026-04-06,Gowning,ISO 8,Active air,3,Tech D
EM001253,2026-04-06,Gowning,ISO 8,Surface contact,1,Tech D
EM001254,2026-04-06,Gowning,ISO 8,Personnel glove,0,Tech C
EM001255,2026-04-07,CR-101,ISO 7,Active air,3,Tech D
EM001256,2026-04-07,CR-101,ISO 7,Surface contact,0,Tech A
EM001257,2026-04-07,CR-101,ISO 7,Compressed air,0,Tech A
EM001258,2026-04-07,CR-101,ISO 7,Personnel glove,0,Tech B
EM001259,2026-04-07,CR-102,ISO 7,Active air,1,Tech B
EM001260,2026-04-07,CR-102,ISO 7,Surface contact,1,Tech D
EM001261,2026-04-07,CR-102,ISO 7,Compressed air,0,Tech B
EM001262,2026-04-07,CR-102,ISO 7,Personnel glove,0,Tech B
EM001263,2026-04-07,CR-201,ISO 8,Active air,1,Tech B
EM001264,2026-04-07,CR-201,ISO 8,Surface contact,1,Tech C
EM001265,2026-04-07,CR-201,ISO 8,Compressed air,0,Tech A
EM001266,2026-04-07,CR-201,ISO 8,Personnel glove,0,Tech C
EM001267,2026-04-07,CR-202,ISO 8,Active air,2,Tech D
EM001268,2026-04-07,CR-202,ISO 8,Surface contact,1,Tech A
EM001269,2026-04-07,CR-202,ISO 8,Compressed air,0,Tech B
EM001270,2026-04-07,CR-202,ISO 8,Personnel glove,0,Tech B
EM001271,2026-04-07,Gowning,ISO 8,Active air,1,Tech B
EM001272,2026-04-07,Gowning,ISO 8,Surface contact,2,Tech C
EM001273,2026-04-07,Gowning,ISO 8,Personnel glove,0,Tech A
EM001274,2026-04-08,CR-101,ISO 7,Active air,2,Tech D
EM001275,2026-04-08,CR-101,ISO 7,Surface contact,0,Tech A
EM001276,2026-04-08,CR-101,ISO 7,Compressed air,0,Tech B
EM001277,2026-04-08,CR-101,ISO 7,Personnel glove,0,Tech C
EM001278,2026-04-08,CR-102,ISO 7,Active air,1,Tech C
EM001279,2026-04-08,CR-102,ISO 7,Surface contact,0,Tech D
EM001280,2026-04-08,CR-102,ISO 7,Compressed air,0,Tech B
EM001281,2026-04-08,CR-102,ISO 7,Personnel glove,0,Tech B
EM001282,2026-04-08,CR-201,ISO 8,Active air,1,Tech B
EM001283,2026-04-08,CR-201,ISO 8,Surface contact,1,Tech D
EM001284,2026-04-08,CR-201,ISO 8,Compressed air,0,Tech A
EM001285,2026-04-08,CR-201,ISO 8,Personnel glove,0,Tech D
EM001286,2026-04-08,CR-202,ISO 8,Active air,1,Tech D
EM001287,2026-04-08,CR-202,ISO 8,Surface contact,0,Tech A
EM001288,2026-04-08,CR-202,ISO 8,Compressed air,0,Tech B
EM001289,2026-04-08,CR-202,ISO 8,Personnel glove,0,Tech B
EM001290,2026-04-08,Gowning,ISO 8,Active air,1,Tech C
EM001291,2026-04-08,Gowning,ISO 8,Surface contact,0,Tech C
EM001292,2026-04-08,Gowning,ISO 8,Personnel glove,0,Tech B
EM001293,2026-04-09,CR-101,ISO 7,Active air,1,Tech C
EM001294,2026-04-09,CR-101,ISO 7,Surface contact,0,Tech D
EM001295,2026-04-09,CR-101,ISO 7,Compressed air,0,Tech B
EM001296,2026-04-09,CR-101,ISO 7,Personnel glove,0,Tech B
EM001297,2026-04-09,CR-102,ISO 7,Active air,3,Tech D
EM001298,2026-04-09,CR-102,ISO 7,Surface contact,1,Tech A
EM001299,2026-04-09,CR-102,ISO 7,Compressed air,0,Tech A
EM001300,2026-04-09,CR-102,ISO 7,Personnel glove,0,Tech C
EM001301,2026-04-09,CR-201,ISO 8,Active air,0,Tech A
EM001302,2026-04-09,CR-201,ISO 8,Surface contact,0,Tech C
EM001303,2026-04-09,CR-201,ISO 8,Compressed air,0,Tech C
EM001304,2026-04-09,CR-201,ISO 8,Personnel glove,0,Tech D
EM001305,2026-04-09,CR-202,ISO 8,Active air,1,Tech D
EM001306,2026-04-09,CR-202,ISO 8,Surface contact,1,Tech A
EM001307,2026-04-09,CR-202,ISO 8,Compressed air,0,Tech D
EM001308,2026-04-09,CR-202,ISO 8,Personnel glove,0,Tech C
EM001309,2026-04-09,Gowning,ISO 8,Active air,2,Tech A
EM001310,2026-04-09,Gowning,ISO 8,Surface contact,0,Tech C
EM001311,2026-04-09,Gowning,ISO 8,Personnel glove,0,Tech B
EM001312,2026-04-10,CR-101,ISO 7,Active air,0,Tech A
EM001313,2026-04-10,CR-101,ISO 7,Surface contact,0,Tech D
EM001314,2026-04-10,CR-101,ISO 7,Compressed air,0,Tech B
EM001315,2026-04-10,CR-101,ISO 7,Personnel glove,0,Tech C
EM001316,2026-04-10,CR-102,ISO 7,Active air,1,Tech B
EM001317,2026-04-10,CR-102,ISO 7,Surface contact,0,Tech A
EM001318,2026-04-10,CR-102,ISO 7,Compressed air,0,Tech A
EM001319,2026-04-10,CR-102,ISO 7,Personnel glove,0,Tech B
EM001320,2026-04-10,CR-201,ISO 8,Active air,2,Tech D
EM001321,2026-04-10,CR-201,ISO 8,Surface contact,0,Tech D
EM001322,2026-04-10,CR-201,ISO 8,Compressed air,0,Tech C
EM001323,2026-04-10,CR-201,ISO 8,Personnel glove,0,Tech C
EM001324,2026-04-10,CR-202,ISO 8,Active air,1,Tech A
EM001325,2026-04-10,CR-202,ISO 8,Surface contact,3,Tech D
EM001326,2026-04-10,CR-202,ISO 8,Compressed air,0,Tech A
EM001327,2026-04-10,CR-202,ISO 8,Personnel glove,1,Tech B
EM001328,2026-04-10,Gowning,ISO 8,Active air,2,Tech C
EM001329,2026-04-10,Gowning,ISO 8,Surface contact,0,Tech C
EM001330,2026-04-10,Gowning,ISO 8,Personnel glove,1,Tech B
EM001331,2026-04-13,CR-101,ISO 7,Active air,0,Tech D
EM001332,2026-04-13,CR-101,ISO 7,Surface contact,0,Tech B
EM001333,2026-04-13,CR-101,ISO 7,Compressed air,0,Tech A
EM001334,2026-04-13,CR-101,ISO 7,Personnel glove,0,Tech B
EM001335,2026-04-13,CR-102,ISO 7,Active air,1,Tech D
EM001336,2026-04-13,CR-102,ISO 7,Surface contact,1,Tech A
EM001337,2026-04-13,CR-102,ISO 7,Compressed air,0,Tech C
EM001338,2026-04-13,CR-102,ISO 7,Personnel glove,0,Tech D
EM001339,2026-04-13,CR-201,ISO 8,Active air,0,Tech A
EM001340,2026-04-13,CR-201,ISO 8,Surface contact,2,Tech D
EM001341,2026-04-13,CR-201,ISO 8,Compressed air,0,Tech C
EM001342,2026-04-13,CR-201,ISO 8,Personnel glove,0,Tech C
EM001343,2026-04-13,CR-202,ISO 8,Active air,0,Tech A
EM001344,2026-04-13,CR-202,ISO 8,Surface contact,1,Tech C
EM001345,2026-04-13,CR-202,ISO 8,Compressed air,0,Tech C
EM001346,2026-04-13,CR-202,ISO 8,Personnel glove,0,Tech C
EM001347,2026-04-13,Gowning,ISO 8,Active air,3,Tech D
EM001348,2026-04-13,Gowning,ISO 8,Surface contact,1,Tech C
EM001349,2026-04-13,Gowning,ISO 8,Personnel glove,0,Tech B
EM001350,2026-04-14,CR-101,ISO 7,Active air,2,Tech A
EM001351,2026-04-14,CR-101,ISO 7,Surface contact,0,Tech B
EM001352,2026-04-14,CR-101,ISO 7,Compressed air,0,Tech D
EM001353,2026-04-14,CR-101,ISO 7,Personnel glove,0,Tech C
EM001354,2026-04-14,CR-102,ISO 7,Active air,2,Tech D
EM001355,2026-04-14,CR-102,ISO 7,Surface contact,0,Tech A
EM001356,2026-04-14,CR-102,ISO 7,Compressed air,0,Tech B
EM001357,2026-04-14,CR-102,ISO 7,Personnel glove,0,Tech B
EM001358,2026-04-14,CR-201,ISO 8,Active air,0,Tech C
EM001359,2026-04-14,CR-201,ISO 8,Surface contact,0,Tech B
EM001360,2026-04-14,CR-201,ISO 8,Compressed air,0,Tech B
EM001361,2026-04-14,CR-201,ISO 8,Personnel glove,0,Tech A
EM001362,2026-04-14,CR-202,ISO 8,Active air,1,Tech D
EM001363,2026-04-14,CR-202,ISO 8,Surface contact,2,Tech A
EM001364,2026-04-14,CR-202,ISO 8,Compressed air,0,Tech D
EM001365,2026-04-14,CR-202,ISO 8,Personnel glove,0,Tech C
EM001366,2026-04-14,Gowning,ISO 8,Active air,2,Tech D
EM001367,2026-04-14,Gowning,ISO 8,Surface contact,1,Tech C
EM001368,2026-04-14,Gowning,ISO 8,Personnel glove,0,Tech D
EM001369,2026-04-15,CR-101,ISO 7,Active air,0,Tech D
EM001370,2026-04-15,CR-101,ISO 7,Surface contact,0,Tech D
EM001371,2026-04-15,CR-101,ISO 7,Compressed air,0,Tech C
EM001372,2026-04-15,CR-101,ISO 7,Personnel glove,0,Tech B
EM001373,2026-04-15,CR-102,ISO 7,Active air,0,Tech D
EM001374,2026-04-15,CR-102,ISO 7,Surface contact,0,Tech A
EM001375,2026-04-15,CR-102,ISO 7,Compressed air,0,Tech B
EM001376,2026-04-15,CR-102,ISO 7,Personnel glove,0,Tech C
EM001377,2026-04-15,CR-201,ISO 8,Active air,3,Tech A
EM001378,2026-04-15,CR-201,ISO 8,Surface contact,2,Tech B
EM001379,2026-04-15,CR-201,ISO 8,Compressed air,0,Tech D
EM001380,2026-04-15,CR-201,ISO 8,Personnel glove,0,Tech B
EM001381,2026-04-15,CR-202,ISO 8,Active air,2,Tech B
EM001382,2026-04-15,CR-202,ISO 8,Surface contact,0,Tech C
EM001383,2026-04-15,CR-202,ISO 8,Compressed air,0,Tech A
EM001384,2026-04-15,CR-202,ISO 8,Personnel glove,0,Tech D
EM001385,2026-04-15,Gowning,ISO 8,Active air,1,Tech C
EM001386,2026-04-15,Gowning,ISO 8,Surface contact,2,Tech A
EM001387,2026-04-15,Gowning,ISO 8,Personnel glove,0,Tech C
EM001388,2026-04-16,CR-101,ISO 7,Active air,1,Tech B
EM001389,2026-04-16,CR-101,ISO 7,Surface contact,0,Tech A
EM001390,2026-04-16,CR-101,ISO 7,Compressed air,0,Tech C
EM001391,2026-04-16,CR-101,ISO 7,Personnel glove,0,Tech D
EM001392,2026-04-16,CR-102,ISO 7,Active air,1,Tech C
EM001393,2026-04-16,CR-102,ISO 7,Surface contact,2,Tech C
EM001394,2026-04-16,CR-102,ISO 7,Compressed air,0,Tech C
EM001395,2026-04-16,CR-102,ISO 7,Personnel glove,0,Tech A
EM001396,2026-04-16,CR-201,ISO 8,Active air,4,Tech C
EM001397,2026-04-16,CR-201,ISO 8,Surface contact,1,Tech A
EM001398,2026-04-16,CR-201,ISO 8,Compressed air,0,Tech A
EM001399,2026-04-16,CR-201,ISO 8,Personnel glove,0,Tech A
EM001400,2026-04-16,CR-202,ISO 8,Active air,2,Tech C
EM001401,2026-04-16,CR-202,ISO 8,Surface contact,1,Tech C
EM001402,2026-04-16,CR-202,ISO 8,Compressed air,0,Tech D
EM001403,2026-04-16,CR-202,ISO 8,Personnel glove,0,Tech D
EM001404,2026-04-16,Gowning,ISO 8,Active air,0,Tech D
EM001405,2026-04-16,Gowning,ISO 8,Surface contact,0,Tech D
EM001406,2026-04-16,Gowning,ISO 8,Personnel glove,0,Tech A
EM001407,2026-04-17,CR-101,ISO 7,Active air,4,Tech B
EM001408,2026-04-17,CR-101,ISO 7,Surface contact,0,Tech B
EM001409,2026-04-17,CR-101,ISO 7,Compressed air,0,Tech C
EM001410,2026-04-17,CR-101,ISO 7,Personnel glove,0,Tech D
EM001411,2026-04-17,CR-102,ISO 7,Active air,1,Tech D
EM001412,2026-04-17,CR-102,ISO 7,Surface contact,0,Tech C
EM001413,2026-04-17,CR-102,ISO 7,Compressed air,0,Tech D
EM001414,2026-04-17,CR-102,ISO 7,Personnel glove,0,Tech D
EM001415,2026-04-17,CR-201,ISO 8,Active air,2,Tech B
EM001416,2026-04-17,CR-201,ISO 8,Surface contact,1,Tech D
EM001417,2026-04-17,CR-201,ISO 8,Compressed air,0,Tech B
EM001418,2026-04-17,CR-201,ISO 8,Personnel glove,0,Tech B
EM001419,2026-04-17,CR-202,ISO 8,Active air,3,Tech A
EM001420,2026-04-17,CR-202,ISO 8,Surface contact,1,Tech A
EM001421,2026-04-17,CR-202,ISO 8,Compressed air,0,Tech D
EM001422,2026-04-17,CR-202,ISO 8,Personnel glove,0,Tech A
EM001423,2026-04-17,Gowning,ISO 8,Active air,1,Tech B
EM001424,2026-04-17,Gowning,ISO 8,Surface contact,0,Tech A
EM001425,2026-04-17,Gowning,ISO 8,Personnel glove,0,Tech C
EM001426,2026-04-20,CR-101,ISO 7,Active air,0,Tech C
EM001427,2026-04-20,CR-101,ISO 7,Surface contact,0,Tech D
EM001428,2026-04-20,CR-101,ISO 7,Compressed air,0,Tech B
EM001429,2026-04-20,CR-101,ISO 7,Personnel glove,0,Tech B
EM001430,2026-04-20,CR-102,ISO 7,Active air,2,Tech C
EM001431,2026-04-20,CR-102,ISO 7,Surface contact,1,Tech C
EM001432,2026-04-20,CR-102,ISO 7,Compressed air,0,Tech C
EM001433,2026-04-20,CR-102,ISO 7,Personnel glove,1,Tech A
EM001434,2026-04-20,CR-201,ISO 8,Active air,1,Tech D
EM001435,2026-04-20,CR-201,ISO 8,Surface contact,2,Tech A
EM001436,2026-04-20,CR-201,ISO 8,Compressed air,0,Tech C
EM001437,2026-04-20,CR-201,ISO 8,Personnel glove,1,Tech C
EM001438,2026-04-20,CR-202,ISO 8,Active air,2,Tech A
EM001439,2026-04-20,CR-202,ISO 8,Surface contact,0,Tech C
EM001440,2026-04-20,CR-202,ISO 8,Compressed air,0,Tech D
EM001441,2026-04-20,CR-202,ISO 8,Personnel glove,0,Tech C
EM001442,2026-04-20,Gowning,ISO 8,Active air,0,Tech D
EM001443,2026-04-20,Gowning,ISO 8,Surface contact,0,Tech A
EM001444,2026-04-20,Gowning,ISO 8,Personnel glove,0,Tech A
EM001445,2026-04-21,CR-101,ISO 7,Active air,2,Tech B
EM001446,2026-04-21,CR-101,ISO 7,Surface contact,0,Tech A
EM001447,2026-04-21,CR-101,ISO 7,Compressed air,0,Tech C
EM001448,2026-04-21,CR-101,ISO 7,Personnel glove,0,Tech C
EM001449,2026-04-21,CR-102,ISO 7,Active air,1,Tech A
EM001450,2026-04-21,CR-102,ISO 7,Surface contact,0,Tech A
EM001451,2026-04-21,CR-102,ISO 7,Compressed air,0,Tech D
EM001452,2026-04-21,CR-102,ISO 7,Personnel glove,0,Tech A
EM001453,2026-04-21,CR-201,ISO 8,Active air,2,Tech B
EM001454,2026-04-21,CR-201,ISO 8,Surface contact,1,Tech C
EM001455,2026-04-21,CR-201,ISO 8,Compressed air,0,Tech B
EM001456,2026-04-21,CR-201,ISO 8,Personnel glove,0,Tech C
EM001457,2026-04-21,CR-202,ISO 8,Active air,1,Tech A
EM001458,2026-04-21,CR-202,ISO 8,Surface contact,0,Tech C
EM001459,2026-04-21,CR-202,ISO 8,Compressed air,0,Tech C
EM001460,2026-04-21,CR-202,ISO 8,Personnel glove,0,Tech C
EM001461,2026-04-21,Gowning,ISO 8,Active air,4,Tech D
EM001462,2026-04-21,Gowning,ISO 8,Surface contact,0,Tech C
EM001463,2026-04-21,Gowning,ISO 8,Personnel glove,1,Tech A
EM001464,2026-04-22,CR-101,ISO 7,Active air,0,Tech B
EM001465,2026-04-22,CR-101,ISO 7,Surface contact,2,Tech D
EM001466,2026-04-22,CR-101,ISO 7,Compressed air,0,Tech C
EM001467,2026-04-22,CR-101,ISO 7,Personnel glove,0,Tech B
EM001468,2026-04-22,CR-102,ISO 7,Active air,0,Tech B
EM001469,2026-04-22,CR-102,ISO 7,Surface contact,0,Tech A
EM001470,2026-04-22,CR-102,ISO 7,Compressed air,0,Tech A
EM001471,2026-04-22,CR-102,ISO 7,Personnel glove,0,Tech B
EM001472,2026-04-22,CR-201,ISO 8,Active air,3,Tech B
EM001473,2026-04-22,CR-201,ISO 8,Surface contact,1,Tech D
EM001474,2026-04-22,CR-201,ISO 8,Compressed air,0,Tech C
EM001475,2026-04-22,CR-201,ISO 8,Personnel glove,0,Tech C
EM001476,2026-04-22,CR-202,ISO 8,Active air,2,Tech D
EM001477,2026-04-22,CR-202,ISO 8,Surface contact,0,Tech B
EM001478,2026-04-22,CR-202,ISO 8,Compressed air,0,Tech B
EM001479,2026-04-22,CR-202,ISO 8,Personnel glove,0,Tech B
EM001480,2026-04-22,Gowning,ISO 8,Active air,2,Tech B
EM001481,2026-04-22,Gowning,ISO 8,Surface contact,1,Tech A
EM001482,2026-04-22,Gowning,ISO 8,Personnel glove,0,Tech A
EM001483,2026-04-23,CR-101,ISO 7,Active air,0,Tech C
EM001484,2026-04-23,CR-101,ISO 7,Surface contact,0,Tech D
EM001485,2026-04-23,CR-101,ISO 7,Compressed air,0,Tech D
EM001486,2026-04-23,CR-101,ISO 7,Personnel glove,0,Tech A
EM001487,2026-04-23,CR-102,ISO 7,Active air,2,Tech D
EM001488,2026-04-23,CR-102,ISO 7,Surface contact,0,Tech C
EM001489,2026-04-23,CR-102,ISO 7,Compressed air,0,Tech D
EM001490,2026-04-23,CR-102,ISO 7,Personnel glove,0,Tech A
EM001491,2026-04-23,CR-201,ISO 8,Active air,1,Tech C
EM001492,2026-04-23,CR-201,ISO 8,Surface contact,0,Tech C
EM001493,2026-04-23,CR-201,ISO 8,Compressed air,0,Tech D
EM001494,2026-04-23,CR-201,ISO 8,Personnel glove,1,Tech C
EM001495,2026-04-23,CR-202,ISO 8,Active air,1,Tech A
EM001496,2026-04-23,CR-202,ISO 8,Surface contact,0,Tech C
EM001497,2026-04-23,CR-202,ISO 8,Compressed air,0,Tech C
EM001498,2026-04-23,CR-202,ISO 8,Personnel glove,0,Tech A
EM001499,2026-04-23,Gowning,ISO 8,Active air,0,Tech C
EM001500,2026-04-23,Gowning,ISO 8,Surface contact,1,Tech A
EM001501,2026-04-23,Gowning,ISO 8,Personnel glove,0,Tech C
EM001502,2026-04-24,CR-101,ISO 7,Active air,1,Tech A
EM001503,2026-04-24,CR-101,ISO 7,Surface contact,0,Tech D
EM001504,2026-04-24,CR-101,ISO 7,Compressed air,0,Tech A
EM001505,2026-04-24,CR-101,ISO 7,Personnel glove,0,Tech B
EM001506,2026-04-24,CR-102,ISO 7,Active air,1,Tech C
EM001507,2026-04-24,CR-102,ISO 7,Surface contact,1,Tech D
EM001508,2026-04-24,CR-102,ISO 7,Compressed air,0,Tech D
EM001509,2026-04-24,CR-102,ISO 7,Personnel glove,0,Tech A
EM001510,2026-04-24,CR-201,ISO 8,Active air,1,Tech A
EM001511,2026-04-24,CR-201,ISO 8,Surface contact,1,Tech D
EM001512,2026-04-24,CR-201,ISO 8,Compressed air,0,Tech A
EM001513,2026-04-24,CR-201,ISO 8,Personnel glove,0,Tech A
EM001514,2026-04-24,CR-202,ISO 8,Active air,4,Tech D
EM001515,2026-04-24,CR-202,ISO 8,Surface contact,1,Tech D
EM001516,2026-04-24,CR-202,ISO 8,Compressed air,0,Tech A
EM001517,2026-04-24,CR-202,ISO 8,Personnel glove,0,Tech C
EM001518,2026-04-24,Gowning,ISO 8,Active air,1,Tech A
EM001519,2026-04-24,Gowning,ISO 8,Surface contact,0,Tech B
EM001520,2026-04-24,Gowning,ISO 8,Personnel glove,0,Tech C
EM001521,2026-04-27,CR-101,ISO 7,Active air,1,Tech A
EM001522,2026-04-27,CR-101,ISO 7,Surface contact,0,Tech D
EM001523,2026-04-27,CR-101,ISO 7,Compressed air,0,Tech D
EM001524,2026-04-27,CR-101,ISO 7,Personnel glove,0,Tech D
EM001525,2026-04-27,CR-102,ISO 7,Active air,2,Tech D
EM001526,2026-04-27,CR-102,ISO 7,Surface contact,1,Tech B
EM001527,2026-04-27,CR-102,ISO 7,Compressed air,0,Tech B
EM001528,2026-04-27,CR-102,ISO 7,Personnel glove,0,Tech C
EM001529,2026-04-27,CR-201,ISO 8,Active air,2,Tech D
EM001530,2026-04-27,CR-201,ISO 8,Surface contact,1,Tech B
EM001531,2026-04-27,CR-201,ISO 8,Compressed air,0,Tech A
EM001532,2026-04-27,CR-201,ISO 8,Personnel glove,0,Tech C
EM001533,2026-04-27,CR-202,ISO 8,Active air,2,Tech B
EM001534,2026-04-27,CR-202,ISO 8,Surface contact,1,Tech B
EM001535,2026-04-27,CR-202,ISO 8,Compressed air,0,Tech D
EM001536,2026-04-27,CR-202,ISO 8,Personnel glove,1,Tech C
EM001537,2026-04-27,Gowning,ISO 8,Active air,2,Tech B
EM001538,2026-04-27,Gowning,ISO 8,Surface contact,2,Tech A
EM001539,2026-04-27,Gowning,ISO 8,Personnel glove,0,Tech C
EM001540,2026-04-28,CR-101,ISO 7,Active air,0,Tech A
EM001541,2026-04-28,CR-101,ISO 7,Surface contact,0,Tech B
EM001542,2026-04-28,CR-101,ISO 7,Compressed air,0,Tech C
EM001543,2026-04-28,CR-101,ISO 7,Personnel glove,0,Tech B
EM001544,2026-04-28,CR-102,ISO 7,Active air,1,Tech A
EM001545,2026-04-28,CR-102,ISO 7,Surface contact,0,Tech C
EM001546,2026-04-28,CR-102,ISO 7,Compressed air,0,Tech C
EM001547,2026-04-28,CR-102,ISO 7,Personnel glove,0,Tech D
EM001548,2026-04-28,CR-201,ISO 8,Active air,0,Tech C
EM001549,2026-04-28,CR-201,ISO 8,Surface contact,0,Tech B
EM001550,2026-04-28,CR-201,ISO 8,Compressed air,0,Tech C
EM001551,2026-04-28,CR-201,ISO 8,Personnel glove,0,Tech B
EM001552,2026-04-28,CR-202,ISO 8,Active air,2,Tech B
EM001553,2026-04-28,CR-202,ISO 8,Surface contact,0,Tech B
EM001554,2026-04-28,CR-202,ISO 8,Compressed air,0,Tech B
EM001555,2026-04-28,CR-202,ISO 8,Personnel glove,0,Tech C
EM001556,2026-04-28,Gowning,ISO 8,Active air,0,Tech D
EM001557,2026-04-28,Gowning,ISO 8,Surface contact,1,Tech D
EM001558,2026-04-28,Gowning,ISO 8,Personnel glove,0,Tech A
EM001559,2026-04-29,CR-101,ISO 7,Active air,0,Tech D
EM001560,2026-04-29,CR-101,ISO 7,Surface contact,0,Tech D
EM001561,2026-04-29,CR-101,ISO 7,Compressed air,0,Tech A
EM001562,2026-04-29,CR-101,ISO 7,Personnel glove,0,Tech A
EM001563,2026-04-29,CR-102,ISO 7,Active air,0,Tech C
EM001564,2026-04-29,CR-102,ISO 7,Surface contact,0,Tech C
EM001565,2026-04-29,CR-102,ISO 7,Compressed air,0,Tech D
EM001566,2026-04-29,CR-102,ISO 7,Personnel glove,0,Tech B
EM001567,2026-04-29,CR-201,ISO 8,Active air,0,Tech A
EM001568,2026-04-29,CR-201,ISO 8,Surface contact,0,Tech C
EM001569,2026-04-29,CR-201,ISO 8,Compressed air,0,Tech A
EM001570,2026-04-29,CR-201,ISO 8,Personnel glove,0,Tech A
EM001571,2026-04-29,CR-202,ISO 8,Active air,0,Tech C
EM001572,2026-04-29,CR-202,ISO 8,Surface contact,0,Tech C
EM001573,2026-04-29,CR-202,ISO 8,Compressed air,0,Tech A
EM001574,2026-04-29,CR-202,ISO 8,Personnel glove,0,Tech C
EM001575,2026-04-29,Gowning,ISO 8,Active air,3,Tech A
EM001576,2026-04-29,Gowning,ISO 8,Surface contact,0,Tech A
EM001577,2026-04-29,Gowning,ISO 8,Personnel glove,0,Tech A
EM001578,2026-04-30,CR-101,ISO 7,Active air,0,Tech D
EM001579,2026-04-30,CR-101,ISO 7,Surface contact,0,Tech B
EM001580,2026-04-30,CR-101,ISO 7,Compressed air,0,Tech B
EM001581,2026-04-30,CR-101,ISO 7,Personnel glove,0,Tech D
EM001582,2026-04-30,CR-102,ISO 7,Active air,2,Tech A
EM001583,2026-04-30,CR-102,ISO 7,Surface contact,1,Tech C
EM001584,2026-04-30,CR-102,ISO 7,Compressed air,0,Tech B
EM001585,2026-04-30,CR-102,ISO 7,Personnel glove,0,Tech D
EM001586,2026-04-30,CR-201,ISO 8,Active air,4,Tech D
EM001587,2026-04-30,CR-201,ISO 8,Surface contact,0,Tech D
EM001588,2026-04-30,CR-201,ISO 8,Compressed air,0,Tech A
EM001589,2026-04-30,CR-201,ISO 8,Personnel glove,0,Tech D
EM001590,2026-04-30,CR-202,ISO 8,Active air,2,Tech D
EM001591,2026-04-30,CR-202,ISO 8,Surface contact,1,Tech D
EM001592,2026-04-30,CR-202,ISO 8,Compressed air,0,Tech D
EM001593,2026-04-30,CR-202,ISO 8,Personnel glove,0,Tech C
EM001594,2026-04-30,Gowning,ISO 8,Active air,1,Tech C
EM001595,2026-04-30,Gowning,ISO 8,Surface contact,2,Tech B
EM001596,2026-04-30,Gowning,ISO 8,Personnel glove,0,Tech B
EM001597,2026-05-01,CR-101,ISO 7,Active air,0,Tech B
EM001598,2026-05-01,CR-101,ISO 7,Surface contact,0,Tech D
EM001599,2026-05-01,CR-101,ISO 7,Compressed air,0,Tech D
EM001600,2026-05-01,CR-101,ISO 7,Personnel glove,0,Tech D
EM001601,2026-05-01,CR-102,ISO 7,Active air,0,Tech A
EM001602,2026-05-01,CR-102,ISO 7,Surface contact,0,Tech D
EM001603,2026-05-01,CR-102,ISO 7,Compressed air,0,Tech C
EM001604,2026-05-01,CR-102,ISO 7,Personnel glove,0,Tech B
EM001605,2026-05-01,CR-201,ISO 8,Active air,0,Tech C
EM001606,2026-05-01,CR-201,ISO 8,Surface contact,0,Tech C
EM001607,2026-05-01,CR-201,ISO 8,Compressed air,0,Tech B
EM001608,2026-05-01,CR-201,ISO 8,Personnel glove,0,Tech B
EM001609,2026-05-01,CR-202,ISO 8,Active air,0,Tech D
EM001610,2026-05-01,CR-202,ISO 8,Surface contact,2,Tech D
EM001611,2026-05-01,CR-202,ISO 8,Compressed air,0,Tech C
EM001612,2026-05-01,CR-202,ISO 8,Personnel glove,0,Tech A
EM001613,2026-05-01,Gowning,ISO 8,Active air,2,Tech C
EM001614,2026-05-01,Gowning,ISO 8,Surface contact,1,Tech B
EM001615,2026-05-01,Gowning,ISO 8,Personnel glove,0,Tech B
EM001616,2026-05-04,CR-101,ISO 7,Active air,2,Tech C
EM001617,2026-05-04,CR-101,ISO 7,Surface contact,0,Tech A
EM001618,2026-05-04,CR-101,ISO 7,Compressed air,0,Tech C
EM001619,2026-05-04,CR-101,ISO 7,Personnel glove,0,Tech C
EM001620,2026-05-04,CR-102,ISO 7,Active air,1,Tech A
EM001621,2026-05-04,CR-102,ISO 7,Surface contact,0,Tech B
EM001622,2026-05-04,CR-102,ISO 7,Compressed air,0,Tech B
EM001623,2026-05-04,CR-102,ISO 7,Personnel glove,0,Tech C
EM001624,2026-05-04,CR-201,ISO 8,Active air,0,Tech A
EM001625,2026-05-04,CR-201,ISO 8,Surface contact,0,Tech C
EM001626,2026-05-04,CR-201,ISO 8,Compressed air,0,Tech D
EM001627,2026-05-04,CR-201,ISO 8,Personnel glove,0,Tech B
EM001628,2026-05-04,CR-202,ISO 8,Active air,0,Tech C
EM001629,2026-05-04,CR-202,ISO 8,Surface contact,0,Tech B
EM001630,2026-05-04,CR-202,ISO 8,Compressed air,0,Tech A
EM001631,2026-05-04,CR-202,ISO 8,Personnel glove,0,Tech A
EM001632,2026-05-04,Gowning,ISO 8,Active air,2,Tech C
EM001633,2026-05-04,Gowning,ISO 8,Surface contact,0,Tech A
EM001634,2026-05-04,Gowning,ISO 8,Personnel glove,0,Tech C
EM001635,2026-05-05,CR-101,ISO 7,Active air,0,Tech B
EM001636,2026-05-05,CR-101,ISO 7,Surface contact,2,Tech D
EM001637,2026-05-05,CR-101,ISO 7,Compressed air,0,Tech A
EM001638,2026-05-05,CR-101,ISO 7,Personnel glove,0,Tech C
EM001639,2026-05-05,CR-102,ISO 7,Active air,2,Tech C
EM001640,2026-05-05,CR-102,ISO 7,Surface contact,1,Tech D
EM001641,2026-05-05,CR-102,ISO 7,Compressed air,0,Tech A
EM001642,2026-05-05,CR-102,ISO 7,Personnel glove,0,Tech B
EM001643,2026-05-05,CR-201,ISO 8,Active air,3,Tech A
EM001644,2026-05-05,CR-201,ISO 8,Surface contact,1,Tech C
EM001645,2026-05-05,CR-201,ISO 8,Compressed air,0,Tech C
EM001646,2026-05-05,CR-201,ISO 8,Personnel glove,0,Tech B
EM001647,2026-05-05,CR-202,ISO 8,Active air,1,Tech A
EM001648,2026-05-05,CR-202,ISO 8,Surface contact,0,Tech C
EM001649,2026-05-05,CR-202,ISO 8,Compressed air,0,Tech B
EM001650,2026-05-05,CR-202,ISO 8,Personnel glove,0,Tech D
EM001651,2026-05-05,Gowning,ISO 8,Active air,2,Tech D
EM001652,2026-05-05,Gowning,ISO 8,Surface contact,1,Tech D
EM001653,2026-05-05,Gowning,ISO 8,Personnel glove,1,Tech B
EM001654,2026-05-06,CR-101,ISO 7,Active air,1,Tech A
EM001655,2026-05-06,CR-101,ISO 7,Surface contact,0,Tech B
EM001656,2026-05-06,CR-101,ISO 7,Compressed air,0,Tech B
EM001657,2026-05-06,CR-101,ISO 7,Personnel glove,0,Tech A
EM001658,2026-05-06,CR-102,ISO 7,Active air,1,Tech B
EM001659,2026-05-06,CR-102,ISO 7,Surface contact,0,Tech D
EM001660,2026-05-06,CR-102,ISO 7,Compressed air,0,Tech A
EM001661,2026-05-06,CR-102,ISO 7,Personnel glove,0,Tech B
EM001662,2026-05-06,CR-201,ISO 8,Active air,2,Tech B
EM001663,2026-05-06,CR-201,ISO 8,Surface contact,1,Tech A
EM001664,2026-05-06,CR-201,ISO 8,Compressed air,0,Tech B
EM001665,2026-05-06,CR-201,ISO 8,Personnel glove,0,Tech D
EM001666,2026-05-06,CR-202,ISO 8,Active air,1,Tech A
EM001667,2026-05-06,CR-202,ISO 8,Surface contact,0,Tech B
EM001668,2026-05-06,CR-202,ISO 8,Compressed air,0,Tech D
EM001669,2026-05-06,CR-202,ISO 8,Personnel glove,0,Tech C
EM001670,2026-05-06,Gowning,ISO 8,Active air,2,Tech D
EM001671,2026-05-06,Gowning,ISO 8,Surface contact,0,Tech C
EM001672,2026-05-06,Gowning,ISO 8,Personnel glove,0,Tech A
EM001673,2026-05-07,CR-101,ISO 7,Active air,1,Tech D
EM001674,2026-05-07,CR-101,ISO 7,Surface contact,0,Tech D
EM001675,2026-05-07,CR-101,ISO 7,Compressed air,0,Tech D
EM001676,2026-05-07,CR-101,ISO 7,Personnel glove,0,Tech D
EM001677,2026-05-07,CR-102,ISO 7,Active air,3,Tech A
EM001678,2026-05-07,CR-102,ISO 7,Surface contact,1,Tech A
EM001679,2026-05-07,CR-102,ISO 7,Compressed air,0,Tech C
EM001680,2026-05-07,CR-102,ISO 7,Personnel glove,0,Tech D
EM001681,2026-05-07,CR-201,ISO 8,Active air,3,Tech B
EM001682,2026-05-07,CR-201,ISO 8,Surface contact,1,Tech D
EM001683,2026-05-07,CR-201,ISO 8,Compressed air,0,Tech B
EM001684,2026-05-07,CR-201,ISO 8,Personnel glove,0,Tech A
EM001685,2026-05-07,CR-202,ISO 8,Active air,1,Tech D
EM001686,2026-05-07,CR-202,ISO 8,Surface contact,1,Tech D
EM001687,2026-05-07,CR-202,ISO 8,Compressed air,0,Tech C
EM001688,2026-05-07,CR-202,ISO 8,Personnel glove,0,Tech C
EM001689,2026-05-07,Gowning,ISO 8,Active air,3,Tech C
EM001690,2026-05-07,Gowning,ISO 8,Surface contact,1,Tech A
EM001691,2026-05-07,Gowning,ISO 8,Personnel glove,1,Tech D
EM001692,2026-05-08,CR-101,ISO 7,Active air,0,Tech D
EM001693,2026-05-08,CR-101,ISO 7,Surface contact,0,Tech D
EM001694,2026-05-08,CR-101,ISO 7,Compressed air,0,Tech D
EM001695,2026-05-08,CR-101,ISO 7,Personnel glove,0,Tech D
EM001696,2026-05-08,CR-102,ISO 7,Active air,0,Tech A
EM001697,2026-05-08,CR-102,ISO 7,Surface contact,2,Tech D
EM001698,2026-05-08,CR-102,ISO 7,Compressed air,0,Tech C
EM001699,2026-05-08,CR-102,ISO 7,Personnel glove,0,Tech B
EM001700,2026-05-08,CR-201,ISO 8,Active air,4,Tech D
EM001701,2026-05-08,CR-201,ISO 8,Surface contact,1,Tech A
EM001702,2026-05-08,CR-201,ISO 8,Compressed air,0,Tech B
EM001703,2026-05-08,CR-201,ISO 8,Personnel glove,0,Tech B
EM001704,2026-05-08,CR-202,ISO 8,Active air,1,Tech A
EM001705,2026-05-08,CR-202,ISO 8,Surface contact,0,Tech A
EM001706,2026-05-08,CR-202,ISO 8,Compressed air,0,Tech C
EM001707,2026-05-08,CR-202,ISO 8,Personnel glove,0,Tech C
EM001708,2026-05-08,Gowning,ISO 8,Active air,3,Tech B
EM001709,2026-05-08,Gowning,ISO 8,Surface contact,1,Tech C
EM001710,2026-05-08,Gowning,ISO 8,Personnel glove,0,Tech B
EM001711,2026-05-11,CR-101,ISO 7,Active air,2,Tech C
EM001712,2026-05-11,CR-101,ISO 7,Surface contact,1,Tech D
EM001713,2026-05-11,CR-101,ISO 7,Compressed air,0,Tech C
EM001714,2026-05-11,CR-101,ISO 7,Personnel glove,0,Tech A
EM001715,2026-05-11,CR-102,ISO 7,Active air,2,Tech D
EM001716,2026-05-11,CR-102,ISO 7,Surface contact,0,Tech A
EM001717,2026-05-11,CR-102,ISO 7,Compressed air,0,Tech B
EM001718,2026-05-11,CR-102,ISO 7,Personnel glove,0,Tech A
EM001719,2026-05-11,CR-201,ISO 8,Active air,1,Tech A
EM001720,2026-05-11,CR-201,ISO 8,Surface contact,1,Tech D
EM001721,2026-05-11,CR-201,ISO 8,Compressed air,0,Tech A
EM001722,2026-05-11,CR-201,ISO 8,Personnel glove,0,Tech C
EM001723,2026-05-11,CR-202,ISO 8,Active air,2,Tech B
EM001724,2026-05-11,CR-202,ISO 8,Surface contact,0,Tech C
EM001725,2026-05-11,CR-202,ISO 8,Compressed air,0,Tech B
EM001726,2026-05-11,CR-202,ISO 8,Personnel glove,0,Tech D
EM001727,2026-05-11,Gowning,ISO 8,Active air,1,Tech A
EM001728,2026-05-11,Gowning,ISO 8,Surface contact,1,Tech B
EM001729,2026-05-11,Gowning,ISO 8,Personnel glove,0,Tech C
EM001730,2026-05-12,CR-101,ISO 7,Active air,1,Tech B
EM001731,2026-05-12,CR-101,ISO 7,Surface contact,0,Tech B
EM001732,2026-05-12,CR-101,ISO 7,Compressed air,0,Tech C
EM001733,2026-05-12,CR-101,ISO 7,Personnel glove,0,Tech A
EM001734,2026-05-12,CR-102,ISO 7,Active air,0,Tech B
EM001735,2026-05-12,CR-102,ISO 7,Surface contact,0,Tech A
EM001736,2026-05-12,CR-102,ISO 7,Compressed air,0,Tech D
EM001737,2026-05-12,CR-102,ISO 7,Personnel glove,0,Tech D
EM001738,2026-05-12,CR-201,ISO 8,Active air,3,Tech A
EM001739,2026-05-12,CR-201,ISO 8,Surface contact,0,Tech A
EM001740,2026-05-12,CR-201,ISO 8,Compressed air,0,Tech A
EM001741,2026-05-12,CR-201,ISO 8,Personnel glove,0,Tech C
EM001742,2026-05-12,CR-202,ISO 8,Active air,1,Tech B
EM001743,2026-05-12,CR-202,ISO 8,Surface contact,0,Tech C
EM001744,2026-05-12,CR-202,ISO 8,Compressed air,0,Tech C
EM001745,2026-05-12,CR-202,ISO 8,Personnel glove,0,Tech D
EM001746,2026-05-12,Gowning,ISO 8,Active air,2,Tech A
EM001747,2026-05-12,Gowning,ISO 8,Surface contact,0,Tech A
EM001748,2026-05-12,Gowning,ISO 8,Personnel glove,1,Tech A
EM001749,2026-05-13,CR-101,ISO 7,Active air,0,Tech C
EM001750,2026-05-13,CR-101,ISO 7,Surface contact,0,Tech C
EM001751,2026-05-13,CR-101,ISO 7,Compressed air,0,Tech C
EM001752,2026-05-13,CR-101,ISO 7,Personnel glove,0,Tech B
EM001753,2026-05-13,CR-102,ISO 7,Active air,0,Tech B
EM001754,2026-05-13,CR-102,ISO 7,Surface contact,1,Tech C
EM001755,2026-05-13,CR-102,ISO 7,Compressed air,0,Tech C
EM001756,2026-05-13,CR-102,ISO 7,Personnel glove,0,Tech A
EM001757,2026-05-13,CR-201,ISO 8,Active air,2,Tech D
EM001758,2026-05-13,CR-201,ISO 8,Surface contact,0,Tech A
EM001759,2026-05-13,CR-201,ISO 8,Compressed air,0,Tech D
EM001760,2026-05-13,CR-201,ISO 8,Personnel glove,0,Tech B
EM001761,2026-05-13,CR-202,ISO 8,Active air,2,Tech A
EM001762,2026-05-13,CR-202,ISO 8,Surface contact,0,Tech A
EM001763,2026-05-13,CR-202,ISO 8,Compressed air,0,Tech A
EM001764,2026-05-13,CR-202,ISO 8,Personnel glove,0,Tech A
EM001765,2026-05-13,Gowning,ISO 8,Active air,1,Tech C
EM001766,2026-05-13,Gowning,ISO 8,Surface contact,2,Tech C
EM001767,2026-05-13,Gowning,ISO 8,Personnel glove,0,Tech B
EM001768,2026-05-14,CR-101,ISO 7,Active air,2,Tech D
EM001769,2026-05-14,CR-101,ISO 7,Surface contact,0,Tech D
EM001770,2026-05-14,CR-101,ISO 7,Compressed air,0,Tech A
EM001771,2026-05-14,CR-101,ISO 7,Personnel glove,0,Tech B
EM001772,2026-05-14,CR-102,ISO 7,Active air,0,Tech B
EM001773,2026-05-14,CR-102,ISO 7,Surface contact,0,Tech A
EM001774,2026-05-14,CR-102,ISO 7,Compressed air,0,Tech A
EM001775,2026-05-14,CR-102,ISO 7,Personnel glove,0,Tech B
EM001776,2026-05-14,CR-201,ISO 8,Active air,0,Tech B
EM001777,2026-05-14,CR-201,ISO 8,Surface contact,0,Tech A
EM001778,2026-05-14,CR-201,ISO 8,Compressed air,0,Tech B
EM001779,2026-05-14,CR-201,ISO 8,Personnel glove,0,Tech C
EM001780,2026-05-14,CR-202,ISO 8,Active air,3,Tech A
EM001781,2026-05-14,CR-202,ISO 8,Surface contact,1,Tech A
EM001782,2026-05-14,CR-202,ISO 8,Compressed air,0,Tech B
EM001783,2026-05-14,CR-202,ISO 8,Personnel glove,0,Tech A
EM001784,2026-05-14,Gowning,ISO 8,Active air,5,Tech A
EM001785,2026-05-14,Gowning,ISO 8,Surface contact,0,Tech A
EM001786,2026-05-14,Gowning,ISO 8,Personnel glove,0,Tech C
EM001787,2026-05-15,CR-101,ISO 7,Active air,0,Tech A
EM001788,2026-05-15,CR-101,ISO 7,Surface contact,1,Tech B
EM001789,2026-05-15,CR-101,ISO 7,Compressed air,0,Tech A
EM001790,2026-05-15,CR-101,ISO 7,Personnel glove,0,Tech D
EM001791,2026-05-15,CR-102,ISO 7,Active air,1,Tech A
EM001792,2026-05-15,CR-102,ISO 7,Surface contact,3,Tech D
EM001793,2026-05-15,CR-102,ISO 7,Compressed air,0,Tech C
EM001794,2026-05-15,CR-102,ISO 7,Personnel glove,0,Tech B
EM001795,2026-05-15,CR-201,ISO 8,Active air,1,Tech B
EM001796,2026-05-15,CR-201,ISO 8,Surface contact,2,Tech B
EM001797,2026-05-15,CR-201,ISO 8,Compressed air,0,Tech D
EM001798,2026-05-15,CR-201,ISO 8,Personnel glove,0,Tech B
EM001799,2026-05-15,CR-202,ISO 8,Active air,3,Tech B
EM001800,2026-05-15,CR-202,ISO 8,Surface contact,0,Tech B
EM001801,2026-05-15,CR-202,ISO 8,Compressed air,0,Tech D
EM001802,2026-05-15,CR-202,ISO 8,Personnel glove,0,Tech A
EM001803,2026-05-15,Gowning,ISO 8,Active air,2,Tech C
EM001804,2026-05-15,Gowning,ISO 8,Surface contact,0,Tech C
EM001805,2026-05-15,Gowning,ISO 8,Personnel glove,0,Tech D
EM001806,2026-05-18,CR-101,ISO 7,Active air,1,Tech D
EM001807,2026-05-18,CR-101,ISO 7,Surface contact,0,Tech B
EM001808,2026-05-18,CR-101,ISO 7,Compressed air,0,Tech B
EM001809,2026-05-18,CR-101,ISO 7,Personnel glove,0,Tech C
EM001810,2026-05-18,CR-102,ISO 7,Active air,1,Tech B
EM001811,2026-05-18,CR-102,ISO 7,Surface contact,0,Tech D
EM001812,2026-05-18,CR-102,ISO 7,Compressed air,0,Tech D
EM001813,2026-05-18,CR-102,ISO 7,Personnel glove,0,Tech B
EM001814,2026-05-18,CR-201,ISO 8,Active air,2,Tech D
EM001815,2026-05-18,CR-201,ISO 8,Surface contact,1,Tech D
EM001816,2026-05-18,CR-201,ISO 8,Compressed air,0,Tech B
EM001817,2026-05-18,CR-201,ISO 8,Personnel glove,0,Tech C
EM001818,2026-05-18,CR-202,ISO 8,Active air,1,Tech B
EM001819,2026-05-18,CR-202,ISO 8,Surface contact,3,Tech A
EM001820,2026-05-18,CR-202,ISO 8,Compressed air,0,Tech A
EM001821,2026-05-18,CR-202,ISO 8,Personnel glove,0,Tech B
EM001822,2026-05-18,Gowning,ISO 8,Active air,1,Tech C
EM001823,2026-05-18,Gowning,ISO 8,Surface contact,0,Tech B
EM001824,2026-05-18,Gowning,ISO 8,Personnel glove,0,Tech C
EM001825,2026-05-19,CR-101,ISO 7,Active air,2,Tech D
EM001826,2026-05-19,CR-101,ISO 7,Surface contact,0,Tech B
EM001827,2026-05-19,CR-101,ISO 7,Compressed air,0,Tech A
EM001828,2026-05-19,CR-101,ISO 7,Personnel glove,0,Tech A
EM001829,2026-05-19,CR-102,ISO 7,Active air,1,Tech C
EM001830,2026-05-19,CR-102,ISO 7,Surface contact,0,Tech A
EM001831,2026-05-19,CR-102,ISO 7,Compressed air,0,Tech B
EM001832,2026-05-19,CR-102,ISO 7,Personnel glove,0,Tech C
EM001833,2026-05-19,CR-201,ISO 8,Active air,2,Tech D
EM001834,2026-05-19,CR-201,ISO 8,Surface contact,1,Tech A
EM001835,2026-05-19,CR-201,ISO 8,Compressed air,0,Tech B
EM001836,2026-05-19,CR-201,ISO 8,Personnel glove,0,Tech C
EM001837,2026-05-19,CR-202,ISO 8,Active air,1,Tech B
EM001838,2026-05-19,CR-202,ISO 8,Surface contact,0,Tech B
EM001839,2026-05-19,CR-202,ISO 8,Compressed air,0,Tech C
EM001840,2026-05-19,CR-202,ISO 8,Personnel glove,0,Tech C
EM001841,2026-05-19,Gowning,ISO 8,Active air,1,Tech C
EM001842,2026-05-19,Gowning,ISO 8,Surface contact,0,Tech B
EM001843,2026-05-19,Gowning,ISO 8,Personnel glove,0,Tech D
EM001844,2026-05-20,CR-101,ISO 7,Active air,0,Tech A
EM001845,2026-05-20,CR-101,ISO 7,Surface contact,0,Tech B
EM001846,2026-05-20,CR-101,ISO 7,Compressed air,0,Tech A
EM001847,2026-05-20,CR-101,ISO 7,Personnel glove,0,Tech B
EM001848,2026-05-20,CR-102,ISO 7,Active air,2,Tech B
EM001849,2026-05-20,CR-102,ISO 7,Surface contact,1,Tech B
EM001850,2026-05-20,CR-102,ISO 7,Compressed air,0,Tech D
EM001851,2026-05-20,CR-102,ISO 7,Personnel glove,0,Tech C
EM001852,2026-05-20,CR-201,ISO 8,Active air,0,Tech A
EM001853,2026-05-20,CR-201,ISO 8,Surface contact,1,Tech B
EM001854,2026-05-20,CR-201,ISO 8,Compressed air,0,Tech A
EM001855,2026-05-20,CR-201,ISO 8,Personnel glove,0,Tech C
EM001856,2026-05-20,CR-202,ISO 8,Active air,1,Tech D
EM001857,2026-05-20,CR-202,ISO 8,Surface contact,0,Tech C
EM001858,2026-05-20,CR-202,ISO 8,Compressed air,0,Tech D
EM001859,2026-05-20,CR-202,ISO 8,Personnel glove,0,Tech A
EM001860,2026-05-20,Gowning,ISO 8,Active air,1,Tech D
EM001861,2026-05-20,Gowning,ISO 8,Surface contact,0,Tech A
EM001862,2026-05-20,Gowning,ISO 8,Personnel glove,0,Tech A
EM001863,2026-05-21,CR-101,ISO 7,Active air,1,Tech B
EM001864,2026-05-21,CR-101,ISO 7,Surface contact,1,Tech B
EM001865,2026-05-21,CR-101,ISO 7,Compressed air,0,Tech D
EM001866,2026-05-21,CR-101,ISO 7,Personnel glove,0,Tech B
EM001867,2026-05-21,CR-102,ISO 7,Active air,2,Tech B
EM001868,2026-05-21,CR-102,ISO 7,Surface contact,0,Tech C
EM001869,2026-05-21,CR-102,ISO 7,Compressed air,0,Tech A
EM001870,2026-05-21,CR-102,ISO 7,Personnel glove,1,Tech A
EM001871,2026-05-21,CR-201,ISO 8,Active air,3,Tech D
EM001872,2026-05-21,CR-201,ISO 8,Surface contact,0,Tech B
EM001873,2026-05-21,CR-201,ISO 8,Compressed air,0,Tech D
EM001874,2026-05-21,CR-201,ISO 8,Personnel glove,0,Tech B
EM001875,2026-05-21,CR-202,ISO 8,Active air,1,Tech D
EM001876,2026-05-21,CR-202,ISO 8,Surface contact,0,Tech D
EM001877,2026-05-21,CR-202,ISO 8,Compressed air,0,Tech D
EM001878,2026-05-21,CR-202,ISO 8,Personnel glove,0,Tech B
EM001879,2026-05-21,Gowning,ISO 8,Active air,0,Tech A
EM001880,2026-05-21,Gowning,ISO 8,Surface contact,1,Tech B
EM001881,2026-05-21,Gowning,ISO 8,Personnel glove,0,Tech B
EM001882,2026-05-22,CR-101,ISO 7,Active air,1,Tech A
EM001883,2026-05-22,CR-101,ISO 7,Surface contact,0,Tech A
EM001884,2026-05-22,CR-101,ISO 7,Compressed air,0,Tech C
EM001885,2026-05-22,CR-101,ISO 7,Personnel glove,0,Tech B
EM001886,2026-05-22,CR-102,ISO 7,Active air,0,Tech C
EM001887,2026-05-22,CR-102,ISO 7,Surface contact,0,Tech D
EM001888,2026-05-22,CR-102,ISO 7,Compressed air,0,Tech A
EM001889,2026-05-22,CR-102,ISO 7,Personnel glove,0,Tech B
EM001890,2026-05-22,CR-201,ISO 8,Active air,3,Tech C
EM001891,2026-05-22,CR-201,ISO 8,Surface contact,0,Tech D
EM001892,2026-05-22,CR-201,ISO 8,Compressed air,0,Tech A
EM001893,2026-05-22,CR-201,ISO 8,Personnel glove,0,Tech B
EM001894,2026-05-22,CR-202,ISO 8,Active air,2,Tech A
EM001895,2026-05-22,CR-202,ISO 8,Surface contact,0,Tech A
EM001896,2026-05-22,CR-202,ISO 8,Compressed air,0,Tech B
EM001897,2026-05-22,CR-202,ISO 8,Personnel glove,0,Tech C
EM001898,2026-05-22,Gowning,ISO 8,Active air,2,Tech B
EM001899,2026-05-22,Gowning,ISO 8,Surface contact,0,Tech C
EM001900,2026-05-22,Gowning,ISO 8,Personnel glove,0,Tech A
EM001901,2026-05-25,CR-101,ISO 7,Active air,2,Tech C
EM001902,2026-05-25,CR-101,ISO 7,Surface contact,1,Tech A
EM001903,2026-05-25,CR-101,ISO 7,Compressed air,0,Tech C
EM001904,2026-05-25,CR-101,ISO 7,Personnel glove,0,Tech D
EM001905,2026-05-25,CR-102,ISO 7,Active air,1,Tech C
EM001906,2026-05-25,CR-102,ISO 7,Surface contact,1,Tech C
EM001907,2026-05-25,CR-102,ISO 7,Compressed air,0,Tech B
EM001908,2026-05-25,CR-102,ISO 7,Personnel glove,0,Tech C
EM001909,2026-05-25,CR-201,ISO 8,Active air,1,Tech A
EM001910,2026-05-25,CR-201,ISO 8,Surface contact,0,Tech B
EM001911,2026-05-25,CR-201,ISO 8,Compressed air,0,Tech A
EM001912,2026-05-25,CR-201,ISO 8,Personnel glove,0,Tech C
EM001913,2026-05-25,CR-202,ISO 8,Active air,2,Tech C
EM001914,2026-05-25,CR-202,ISO 8,Surface contact,2,Tech B
EM001915,2026-05-25,CR-202,ISO 8,Compressed air,0,Tech B
EM001916,2026-05-25,CR-202,ISO 8,Personnel glove,0,Tech C
EM001917,2026-05-25,Gowning,ISO 8,Active air,0,Tech B
EM001918,2026-05-25,Gowning,ISO 8,Surface contact,1,Tech C
EM001919,2026-05-25,Gowning,ISO 8,Personnel glove,0,Tech D
EM001920,2026-05-26,CR-101,ISO 7,Active air,0,Tech B
EM001921,2026-05-26,CR-101,ISO 7,Surface contact,0,Tech A
EM001922,2026-05-26,CR-101,ISO 7,Compressed air,0,Tech D
EM001923,2026-05-26,CR-101,ISO 7,Personnel glove,0,Tech D
EM001924,2026-05-26,CR-102,ISO 7,Active air,1,Tech D
EM001925,2026-05-26,CR-102,ISO 7,Surface contact,0,Tech D
EM001926,2026-05-26,CR-102,ISO 7,Compressed air,0,Tech A
EM001927,2026-05-26,CR-102,ISO 7,Personnel glove,0,Tech C
EM001928,2026-05-26,CR-201,ISO 8,Active air,2,Tech D
EM001929,2026-05-26,CR-201,ISO 8,Surface contact,0,Tech B
EM001930,2026-05-26,CR-201,ISO 8,Compressed air,0,Tech A
EM001931,2026-05-26,CR-201,ISO 8,Personnel glove,0,Tech A
EM001932,2026-05-26,CR-202,ISO 8,Active air,3,Tech A
EM001933,2026-05-26,CR-202,ISO 8,Surface contact,0,Tech A
EM001934,2026-05-26,CR-202,ISO 8,Compressed air,0,Tech C
EM001935,2026-05-26,CR-202,ISO 8,Personnel glove,0,Tech A
EM001936,2026-05-26,Gowning,ISO 8,Active air,1,Tech A
EM001937,2026-05-26,Gowning,ISO 8,Surface contact,2,Tech C
EM001938,2026-05-26,Gowning,ISO 8,Personnel glove,0,Tech B
EM001939,2026-05-27,CR-101,ISO 7,Active air,0,Tech C
EM001940,2026-05-27,CR-101,ISO 7,Surface contact,0,Tech A
EM001941,2026-05-27,CR-101,ISO 7,Compressed air,0,Tech A
EM001942,2026-05-27,CR-101,ISO 7,Personnel glove,0,Tech C
EM001943,2026-05-27,CR-102,ISO 7,Active air,0,Tech B
EM001944,2026-05-27,CR-102,ISO 7,Surface contact,0,Tech A
EM001945,2026-05-27,CR-102,ISO 7,Compressed air,0,Tech C
EM001946,2026-05-27,CR-102,ISO 7,Personnel glove,1,Tech B
EM001947,2026-05-27,CR-201,ISO 8,Active air,0,Tech D
EM001948,2026-05-27,CR-201,ISO 8,Surface contact,0,Tech C
EM001949,2026-05-27,CR-201,ISO 8,Compressed air,0,Tech D
EM001950,2026-05-27,CR-201,ISO 8,Personnel glove,0,Tech B
EM001951,2026-05-27,CR-202,ISO 8,Active air,1,Tech A
EM001952,2026-05-27,CR-202,ISO 8,Surface contact,1,Tech B
EM001953,2026-05-27,CR-202,ISO 8,Compressed air,0,Tech C
EM001954,2026-05-27,CR-202,ISO 8,Personnel glove,0,Tech A
EM001955,2026-05-27,Gowning,ISO 8,Active air,1,Tech A
EM001956,2026-05-27,Gowning,ISO 8,Surface contact,1,Tech B
EM001957,2026-05-27,Gowning,ISO 8,Personnel glove,0,Tech C
EM001958,2026-05-28,CR-101,ISO 7,Active air,1,Tech A
EM001959,2026-05-28,CR-101,ISO 7,Surface contact,0,Tech D
EM001960,2026-05-28,CR-101,ISO 7,Compressed air,0,Tech A
EM001961,2026-05-28,CR-101,ISO 7,Personnel glove,0,Tech D
EM001962,2026-05-28,CR-102,ISO 7,Active air,1,Tech D
EM001963,2026-05-28,CR-102,ISO 7,Surface contact,0,Tech D
EM001964,2026-05-28,CR-102,ISO 7,Compressed air,0,Tech C
EM001965,2026-05-28,CR-102,ISO 7,Personnel glove,0,Tech A
EM001966,2026-05-28,CR-201,ISO 8,Active air,0,Tech B
EM001967,2026-05-28,CR-201,ISO 8,Surface contact,0,Tech D
EM001968,2026-05-28,CR-201,ISO 8,Compressed air,0,Tech A
EM001969,2026-05-28,CR-201,ISO 8,Personnel glove,0,Tech D
EM001970,2026-05-28,CR-202,ISO 8,Active air,1,Tech D
EM001971,2026-05-28,CR-202,ISO 8,Surface contact,0,Tech B
EM001972,2026-05-28,CR-202,ISO 8,Compressed air,0,Tech C
EM001973,2026-05-28,CR-202,ISO 8,Personnel glove,0,Tech B
EM001974,2026-05-28,Gowning,ISO 8,Active air,0,Tech C
EM001975,2026-05-28,Gowning,ISO 8,Surface contact,1,Tech C
EM001976,2026-05-28,Gowning,ISO 8,Personnel glove,0,Tech C
EM001977,2026-05-29,CR-101,ISO 7,Active air,1,Tech A
EM001978,2026-05-29,CR-101,ISO 7,Surface contact,0,Tech B
EM001979,2026-05-29,CR-101,ISO 7,Compressed air,0,Tech C
EM001980,2026-05-29,CR-101,ISO 7,Personnel glove,0,Tech B
EM001981,2026-05-29,CR-102,ISO 7,Active air,1,Tech A
EM001982,2026-05-29,CR-102,ISO 7,Surface contact,2,Tech D
EM001983,2026-05-29,CR-102,ISO 7,Compressed air,0,Tech C
EM001984,2026-05-29,CR-102,ISO 7,Personnel glove,0,Tech D
EM001985,2026-05-29,CR-201,ISO 8,Active air,0,Tech B
EM001986,2026-05-29,CR-201,ISO 8,Surface contact,1,Tech D
EM001987,2026-05-29,CR-201,ISO 8,Compressed air,0,Tech A
EM001988,2026-05-29,CR-201,ISO 8,Personnel glove,0,Tech A
EM001989,2026-05-29,CR-202,ISO 8,Active air,0,Tech D
EM001990,2026-05-29,CR-202,ISO 8,Surface contact,0,Tech D
EM001991,2026-05-29,CR-202,ISO 8,Compressed air,0,Tech B
EM001992,2026-05-29,CR-202,ISO 8,Personnel glove,0,Tech D
EM001993,2026-05-29,Gowning,ISO 8,Active air,2,Tech D
EM001994,2026-05-29,Gowning,ISO 8,Surface contact,0,Tech C
EM001995,2026-05-29,Gowning,ISO 8,Personnel glove,0,Tech C
EM001996,2026-06-01,CR-101,ISO 7,Active air,1,Tech B
EM001997,2026-06-01,CR-101,ISO 7,Surface contact,0,Tech B
EM001998,2026-06-01,CR-101,ISO 7,Compressed air,0,Tech C
EM001999,2026-06-01,CR-101,ISO 7,Personnel glove,0,Tech C
EM002000,2026-06-01,CR-102,ISO 7,Active air,0,Tech B
EM002001,2026-06-01,CR-102,ISO 7,Surface contact,1,Tech C
EM002002,2026-06-01,CR-102,ISO 7,Compressed air,0,Tech A
EM002003,2026-06-01,CR-102,ISO 7,Personnel glove,0,Tech D
EM002004,2026-06-01,CR-201,ISO 8,Active air,1,Tech A
EM002005,2026-06-01,CR-201,ISO 8,Surface contact,0,Tech C
EM002006,2026-06-01,CR-201,ISO 8,Compressed air,0,Tech D
EM002007,2026-06-01,CR-201,ISO 8,Personnel glove,0,Tech A
EM002008,2026-06-01,CR-202,ISO 8,Active air,0,Tech D
EM002009,2026-06-01,CR-202,ISO 8,Surface contact,0,Tech A
EM002010,2026-06-01,CR-202,ISO 8,Compressed air,0,Tech D
EM002011,2026-06-01,CR-202,ISO 8,Personnel glove,0,Tech D
EM002012,2026-06-01,Gowning,ISO 8,Active air,1,Tech C
EM002013,2026-06-01,Gowning,ISO 8,Surface contact,1,Tech A
EM002014,2026-06-01,Gowning,ISO 8,Personnel glove,1,Tech C
EM002015,2026-06-02,CR-101,ISO 7,Active air,0,Tech B
EM002016,2026-06-02,CR-101,ISO 7,Surface contact,1,Tech A
EM002017,2026-06-02,CR-101,ISO 7,Compressed air,0,Tech A
EM002018,2026-06-02,CR-101,ISO 7,Personnel glove,0,Tech A
EM002019,2026-06-02,CR-102,ISO 7,Active air,1,Tech D
EM002020,2026-06-02,CR-102,ISO 7,Surface contact,1,Tech B
EM002021,2026-06-02,CR-102,ISO 7,Compressed air,0,Tech B
EM002022,2026-06-02,CR-102,ISO 7,Personnel glove,0,Tech D
EM002023,2026-06-02,CR-201,ISO 8,Active air,2,Tech A
EM002024,2026-06-02,CR-201,ISO 8,Surface contact,0,Tech C
EM002025,2026-06-02,CR-201,ISO 8,Compressed air,0,Tech C
EM002026,2026-06-02,CR-201,ISO 8,Personnel glove,0,Tech C
EM002027,2026-06-02,CR-202,ISO 8,Active air,1,Tech D
EM002028,2026-06-02,CR-202,ISO 8,Surface contact,0,Tech B
EM002029,2026-06-02,CR-202,ISO 8,Compressed air,0,Tech C
EM002030,2026-06-02,CR-202,ISO 8,Personnel glove,0,Tech D
EM002031,2026-06-02,Gowning,ISO 8,Active air,1,Tech A
EM002032,2026-06-02,Gowning,ISO 8,Surface contact,1,Tech D
EM002033,2026-06-02,Gowning,ISO 8,Personnel glove,0,Tech D
EM002034,2026-06-03,CR-101,ISO 7,Active air,1,Tech A
EM002035,2026-06-03,CR-101,ISO 7,Surface contact,0,Tech B
EM002036,2026-06-03,CR-101,ISO 7,Compressed air,0,Tech D
EM002037,2026-06-03,CR-101,ISO 7,Personnel glove,0,Tech B
EM002038,2026-06-03,CR-102,ISO 7,Active air,3,Tech A
EM002039,2026-06-03,CR-102,ISO 7,Surface contact,0,Tech A
EM002040,2026-06-03,CR-102,ISO 7,Compressed air,0,Tech B
EM002041,2026-06-03,CR-102,ISO 7,Personnel glove,0,Tech B
EM002042,2026-06-03,CR-201,ISO 8,Active air,3,Tech A
EM002043,2026-06-03,CR-201,ISO 8,Surface contact,1,Tech B
EM002044,2026-06-03,CR-201,ISO 8,Compressed air,1,Tech C
EM002045,2026-06-03,CR-201,ISO 8,Personnel glove,1,Tech D
EM002046,2026-06-03,CR-202,ISO 8,Active air,1,Tech D
EM002047,2026-06-03,CR-202,ISO 8,Surface contact,0,Tech D
EM002048,2026-06-03,CR-202,ISO 8,Compressed air,0,Tech A
EM002049,2026-06-03,CR-202,ISO 8,Personnel glove,0,Tech A
EM002050,2026-06-03,Gowning,ISO 8,Active air,1,Tech A
EM002051,2026-06-03,Gowning,ISO 8,Surface contact,3,Tech D
EM002052,2026-06-03,Gowning,ISO 8,Personnel glove,0,Tech B
EM002053,2026-06-04,CR-101,ISO 7,Active air,2,Tech C
EM002054,2026-06-04,CR-101,ISO 7,Surface contact,0,Tech A
EM002055,2026-06-04,CR-101,ISO 7,Compressed air,0,Tech C
EM002056,2026-06-04,CR-101,ISO 7,Personnel glove,0,Tech D
EM002057,2026-06-04,CR-102,ISO 7,Active air,3,Tech B
EM002058,2026-06-04,CR-102,ISO 7,Surface contact,0,Tech A
EM002059,2026-06-04,CR-102,ISO 7,Compressed air,1,Tech B
EM002060,2026-06-04,CR-102,ISO 7,Personnel glove,0,Tech B
EM002061,2026-06-04,CR-201,ISO 8,Active air,1,Tech D
EM002062,2026-06-04,CR-201,ISO 8,Surface contact,2,Tech B
EM002063,2026-06-04,CR-201,ISO 8,Compressed air,0,Tech C
EM002064,2026-06-04,CR-201,ISO 8,Personnel glove,0,Tech D
EM002065,2026-06-04,CR-202,ISO 8,Active air,1,Tech A
EM002066,2026-06-04,CR-202,ISO 8,Surface contact,0,Tech B
EM002067,2026-06-04,CR-202,ISO 8,Compressed air,0,Tech D
EM002068,2026-06-04,CR-202,ISO 8,Personnel glove,0,Tech B
EM002069,2026-06-04,Gowning,ISO 8,Active air,2,Tech A
EM002070,2026-06-04,Gowning,ISO 8,Surface contact,1,Tech C
EM002071,2026-06-04,Gowning,ISO 8,Personnel glove,0,Tech A
EM002072,2026-06-05,CR-101,ISO 7,Active air,3,Tech A
EM002073,2026-06-05,CR-101,ISO 7,Surface contact,0,Tech C
EM002074,2026-06-05,CR-101,ISO 7,Compressed air,0,Tech B
EM002075,2026-06-05,CR-101,ISO 7,Personnel glove,0,Tech C
EM002076,2026-06-05,CR-102,ISO 7,Active air,0,Tech B
EM002077,2026-06-05,CR-102,ISO 7,Surface contact,1,Tech D
EM002078,2026-06-05,CR-102,ISO 7,Compressed air,0,Tech A
EM002079,2026-06-05,CR-102,ISO 7,Personnel glove,0,Tech C
EM002080,2026-06-05,CR-201,ISO 8,Active air,4,Tech D
EM002081,2026-06-05,CR-201,ISO 8,Surface contact,0,Tech B
EM002082,2026-06-05,CR-201,ISO 8,Compressed air,0,Tech B
EM002083,2026-06-05,CR-201,ISO 8,Personnel glove,0,Tech D
EM002084,2026-06-05,CR-202,ISO 8,Active air,1,Tech D
EM002085,2026-06-05,CR-202,ISO 8,Surface contact,0,Tech C
EM002086,2026-06-05,CR-202,ISO 8,Compressed air,0,Tech C
EM002087,2026-06-05,CR-202,ISO 8,Personnel glove,0,Tech A
EM002088,2026-06-05,Gowning,ISO 8,Active air,0,Tech D
EM002089,2026-06-05,Gowning,ISO 8,Surface contact,1,Tech A
EM002090,2026-06-05,Gowning,ISO 8,Personnel glove,0,Tech D
EM002091,2026-06-08,CR-101,ISO 7,Active air,0,Tech D
EM002092,2026-06-08,CR-101,ISO 7,Surface contact,0,Tech D
EM002093,2026-06-08,CR-101,ISO 7,Compressed air,0,Tech A
EM002094,2026-06-08,CR-101,ISO 7,Personnel glove,0,Tech A
EM002095,2026-06-08,CR-102,ISO 7,Active air,0,Tech B
EM002096,2026-06-08,CR-102,ISO 7,Surface contact,1,Tech A
EM002097,2026-06-08,CR-102,ISO 7,Compressed air,0,Tech D
EM002098,2026-06-08,CR-102,ISO 7,Personnel glove,0,Tech C
EM002099,2026-06-08,CR-201,ISO 8,Active air,2,Tech D
EM002100,2026-06-08,CR-201,ISO 8,Surface contact,1,Tech A
EM002101,2026-06-08,CR-201,ISO 8,Compressed air,0,Tech D
EM002102,2026-06-08,CR-201,ISO 8,Personnel glove,0,Tech C
EM002103,2026-06-08,CR-202,ISO 8,Active air,3,Tech A
EM002104,2026-06-08,CR-202,ISO 8,Surface contact,0,Tech B
EM002105,2026-06-08,CR-202,ISO 8,Compressed air,1,Tech D
EM002106,2026-06-08,CR-202,ISO 8,Personnel glove,0,Tech C
EM002107,2026-06-08,Gowning,ISO 8,Active air,2,Tech D
EM002108,2026-06-08,Gowning,ISO 8,Surface contact,1,Tech A
EM002109,2026-06-08,Gowning,ISO 8,Personnel glove,0,Tech A
EM002110,2026-06-09,CR-101,ISO 7,Active air,0,Tech B
EM002111,2026-06-09,CR-101,ISO 7,Surface contact,0,Tech D
EM002112,2026-06-09,CR-101,ISO 7,Compressed air,0,Tech C
EM002113,2026-06-09,CR-101,ISO 7,Personnel glove,0,Tech A
EM002114,2026-06-09,CR-102,ISO 7,Active air,0,Tech A
EM002115,2026-06-09,CR-102,ISO 7,Surface contact,0,Tech D
EM002116,2026-06-09,CR-102,ISO 7,Compressed air,0,Tech D
EM002117,2026-06-09,CR-102,ISO 7,Personnel glove,0,Tech A
EM002118,2026-06-09,CR-201,ISO 8,Active air,0,Tech C
EM002119,2026-06-09,CR-201,ISO 8,Surface contact,0,Tech C
EM002120,2026-06-09,CR-201,ISO 8,Compressed air,0,Tech A
EM002121,2026-06-09,CR-201,ISO 8,Personnel glove,0,Tech D
EM002122,2026-06-09,CR-202,ISO 8,Active air,2,Tech B
EM002123,2026-06-09,CR-202,ISO 8,Surface contact,2,Tech A
EM002124,2026-06-09,CR-202,ISO 8,Compressed air,0,Tech A
EM002125,2026-06-09,CR-202,ISO 8,Personnel glove,0,Tech A
EM002126,2026-06-09,Gowning,ISO 8,Active air,3,Tech B
EM002127,2026-06-09,Gowning,ISO 8,Surface contact,1,Tech A
EM002128,2026-06-09,Gowning,ISO 8,Personnel glove,0,Tech D
EM002129,2026-06-10,CR-101,ISO 7,Active air,1,Tech D
EM002130,2026-06-10,CR-101,ISO 7,Surface contact,0,Tech D
EM002131,2026-06-10,CR-101,ISO 7,Compressed air,0,Tech C
EM002132,2026-06-10,CR-101,ISO 7,Personnel glove,0,Tech C
EM002133,2026-06-10,CR-102,ISO 7,Active air,3,Tech B
EM002134,2026-06-10,CR-102,ISO 7,Surface contact,0,Tech A
EM002135,2026-06-10,CR-102,ISO 7,Compressed air,0,Tech D
EM002136,2026-06-10,CR-102,ISO 7,Personnel glove,0,Tech A
EM002137,2026-06-10,CR-201,ISO 8,Active air,0,Tech D
EM002138,2026-06-10,CR-201,ISO 8,Surface contact,0,Tech A
EM002139,2026-06-10,CR-201,ISO 8,Compressed air,0,Tech B
EM002140,2026-06-10,CR-201,ISO 8,Personnel glove,1,Tech A
EM002141,2026-06-10,CR-202,ISO 8,Active air,1,Tech A
EM002142,2026-06-10,CR-202,ISO 8,Surface contact,0,Tech B
EM002143,2026-06-10,CR-202,ISO 8,Compressed air,0,Tech C
EM002144,2026-06-10,CR-202,ISO 8,Personnel glove,0,Tech A
EM002145,2026-06-10,Gowning,ISO 8,Active air,1,Tech C
EM002146,2026-06-10,Gowning,ISO 8,Surface contact,1,Tech A
EM002147,2026-06-10,Gowning,ISO 8,Personnel glove,0,Tech D
EM002148,2026-06-11,CR-101,ISO 7,Active air,0,Tech D
EM002149,2026-06-11,CR-101,ISO 7,Surface contact,0,Tech D
EM002150,2026-06-11,CR-101,ISO 7,Compressed air,0,Tech B
EM002151,2026-06-11,CR-101,ISO 7,Personnel glove,0,Tech B
EM002152,2026-06-11,CR-102,ISO 7,Active air,0,Tech C
EM002153,2026-06-11,CR-102,ISO 7,Surface contact,2,Tech B
EM002154,2026-06-11,CR-102,ISO 7,Compressed air,0,Tech B
EM002155,2026-06-11,CR-102,ISO 7,Personnel glove,0,Tech D
EM002156,2026-06-11,CR-201,ISO 8,Active air,1,Tech D
EM002157,2026-06-11,CR-201,ISO 8,Surface contact,0,Tech B
EM002158,2026-06-11,CR-201,ISO 8,Compressed air,0,Tech A
EM002159,2026-06-11,CR-201,ISO 8,Personnel glove,0,Tech B
EM002160,2026-06-11,CR-202,ISO 8,Active air,2,Tech A
EM002161,2026-06-11,CR-202,ISO 8,Surface contact,3,Tech D
EM002162,2026-06-11,CR-202,ISO 8,Compressed air,0,Tech A
EM002163,2026-06-11,CR-202,ISO 8,Personnel glove,0,Tech C
EM002164,2026-06-11,Gowning,ISO 8,Active air,1,Tech D
EM002165,2026-06-11,Gowning,ISO 8,Surface contact,0,Tech D
EM002166,2026-06-11,Gowning,ISO 8,Personnel glove,0,Tech D
EM002167,2026-06-12,CR-101,ISO 7,Active air,1,Tech D
EM002168,2026-06-12,CR-101,ISO 7,Surface contact,0,Tech B
EM002169,2026-06-12,CR-101,ISO 7,Compressed air,0,Tech A
EM002170,2026-06-12,CR-101,ISO 7,Personnel glove,0,Tech A
EM002171,2026-06-12,CR-102,ISO 7,Active air,0,Tech B
EM002172,2026-06-12,CR-102,ISO 7,Surface contact,0,Tech B
EM002173,2026-06-12,CR-102,ISO 7,Compressed air,0,Tech B
EM002174,2026-06-12,CR-102,ISO 7,Personnel glove,0,Tech B
EM002175,2026-06-12,CR-201,ISO 8,Active air,1,Tech D
EM002176,2026-06-12,CR-201,ISO 8,Surface contact,0,Tech D
EM002177,2026-06-12,CR-201,ISO 8,Compressed air,0,Tech B
EM002178,2026-06-12,CR-201,ISO 8,Personnel glove,0,Tech A
EM002179,2026-06-12,CR-202,ISO 8,Active air,2,Tech C
EM002180,2026-06-12,CR-202,ISO 8,Surface contact,0,Tech D
EM002181,2026-06-12,CR-202,ISO 8,Compressed air,0,Tech A
EM002182,2026-06-12,CR-202,ISO 8,Personnel glove,0,Tech A
EM002183,2026-06-12,Gowning,ISO 8,Active air,2,Tech C
EM002184,2026-06-12,Gowning,ISO 8,Surface contact,1,Tech B
EM002185,2026-06-12,Gowning,ISO 8,Personnel glove,0,Tech C
EM002186,2026-06-15,CR-101,ISO 7,Active air,1,Tech D
EM002187,2026-06-15,CR-101,ISO 7,Surface contact,0,Tech C
EM002188,2026-06-15,CR-101,ISO 7,Compressed air,0,Tech D
EM002189,2026-06-15,CR-101,ISO 7,Personnel glove,0,Tech B
EM002190,2026-06-15,CR-102,ISO 7,Active air,0,Tech D
EM002191,2026-06-15,CR-102,ISO 7,Surface contact,1,Tech D
EM002192,2026-06-15,CR-102,ISO 7,Compressed air,0,Tech B
EM002193,2026-06-15,CR-102,ISO 7,Personnel glove,0,Tech A
EM002194,2026-06-15,CR-201,ISO 8,Active air,0,Tech C
EM002195,2026-06-15,CR-201,ISO 8,Surface contact,0,Tech C
EM002196,2026-06-15,CR-201,ISO 8,Compressed air,0,Tech C
EM002197,2026-06-15,CR-201,ISO 8,Personnel glove,0,Tech D
EM002198,2026-06-15,CR-202,ISO 8,Active air,2,Tech A
EM002199,2026-06-15,CR-202,ISO 8,Surface contact,0,Tech A
EM002200,2026-06-15,CR-202,ISO 8,Compressed air,0,Tech A
EM002201,2026-06-15,CR-202,ISO 8,Personnel glove,0,Tech D
EM002202,2026-06-15,Gowning,ISO 8,Active air,0,Tech B
EM002203,2026-06-15,Gowning,ISO 8,Surface contact,1,Tech C
EM002204,2026-06-15,Gowning,ISO 8,Personnel glove,0,Tech C
EM002205,2026-06-16,CR-101,ISO 7,Active air,1,Tech B
EM002206,2026-06-16,CR-101,ISO 7,Surface contact,0,Tech C
EM002207,2026-06-16,CR-101,ISO 7,Compressed air,0,Tech C
EM002208,2026-06-16,CR-101,ISO 7,Personnel glove,0,Tech D
EM002209,2026-06-16,CR-102,ISO 7,Active air,0,Tech D
EM002210,2026-06-16,CR-102,ISO 7,Surface contact,0,Tech D
EM002211,2026-06-16,CR-102,ISO 7,Compressed air,0,Tech D
EM002212,2026-06-16,CR-102,ISO 7,Personnel glove,0,Tech B
EM002213,2026-06-16,CR-201,ISO 8,Active air,1,Tech D
EM002214,2026-06-16,CR-201,ISO 8,Surface contact,0,Tech B
EM002215,2026-06-16,CR-201,ISO 8,Compressed air,0,Tech A
EM002216,2026-06-16,CR-201,ISO 8,Personnel glove,0,Tech A
EM002217,2026-06-16,CR-202,ISO 8,Active air,3,Tech B
EM002218,2026-06-16,CR-202,ISO 8,Surface contact,0,Tech C
EM002219,2026-06-16,CR-202,ISO 8,Compressed air,0,Tech C
EM002220,2026-06-16,CR-202,ISO 8,Personnel glove,0,Tech A
EM002221,2026-06-16,Gowning,ISO 8,Active air,1,Tech B
EM002222,2026-06-16,Gowning,ISO 8,Surface contact,0,Tech B
EM002223,2026-06-16,Gowning,ISO 8,Personnel glove,0,Tech A
EM002224,2026-06-17,CR-101,ISO 7,Active air,1,Tech D
EM002225,2026-06-17,CR-101,ISO 7,Surface contact,1,Tech D
EM002226,2026-06-17,CR-101,ISO 7,Compressed air,0,Tech B
EM002227,2026-06-17,CR-101,ISO 7,Personnel glove,0,Tech C
EM002228,2026-06-17,CR-102,ISO 7,Active air,0,Tech B
EM002229,2026-06-17,CR-102,ISO 7,Surface contact,0,Tech D
EM002230,2026-06-17,CR-102,ISO 7,Compressed air,0,Tech C
EM002231,2026-06-17,CR-102,ISO 7,Personnel glove,0,Tech B
EM002232,2026-06-17,CR-201,ISO 8,Active air,2,Tech D
EM002233,2026-06-17,CR-201,ISO 8,Surface contact,1,Tech B
EM002234,2026-06-17,CR-201,ISO 8,Compressed air,0,Tech A
EM002235,2026-06-17,CR-201,ISO 8,Personnel glove,0,Tech A
EM002236,2026-06-17,CR-202,ISO 8,Active air,0,Tech D
EM002237,2026-06-17,CR-202,ISO 8,Surface contact,1,Tech C
EM002238,2026-06-17,CR-202,ISO 8,Compressed air,0,Tech A
EM002239,2026-06-17,CR-202,ISO 8,Personnel glove,1,Tech B
EM002240,2026-06-17,Gowning,ISO 8,Active air,4,Tech D
EM002241,2026-06-17,Gowning,ISO 8,Surface contact,1,Tech D
EM002242,2026-06-17,Gowning,ISO 8,Personnel glove,1,Tech C
EM002243,2026-06-18,CR-101,ISO 7,Active air,0,Tech D
EM002244,2026-06-18,CR-101,ISO 7,Surface contact,1,Tech C
EM002245,2026-06-18,CR-101,ISO 7,Compressed air,0,Tech A
EM002246,2026-06-18,CR-101,ISO 7,Personnel glove,0,Tech A
EM002247,2026-06-18,CR-102,ISO 7,Active air,2,Tech B
EM002248,2026-06-18,CR-102,ISO 7,Surface contact,1,Tech B
EM002249,2026-06-18,CR-102,ISO 7,Compressed air,0,Tech D
EM002250,2026-06-18,CR-102,ISO 7,Personnel glove,0,Tech D
EM002251,2026-06-18,CR-201,ISO 8,Active air,1,Tech A
EM002252,2026-06-18,CR-201,ISO 8,Surface contact,0,Tech C
EM002253,2026-06-18,CR-201,ISO 8,Compressed air,0,Tech B
EM002254,2026-06-18,CR-201,ISO 8,Personnel glove,0,Tech D
EM002255,2026-06-18,CR-202,ISO 8,Active air,2,Tech B
EM002256,2026-06-18,CR-202,ISO 8,Surface contact,0,Tech C
EM002257,2026-06-18,CR-202,ISO 8,Compressed air,1,Tech A
EM002258,2026-06-18,CR-202,ISO 8,Personnel glove,0,Tech C
EM002259,2026-06-18,Gowning,ISO 8,Active air,0,Tech B
EM002260,2026-06-18,Gowning,ISO 8,Surface contact,2,Tech B
EM002261,2026-06-18,Gowning,ISO 8,Personnel glove,0,Tech C
EM002262,2026-06-19,CR-101,ISO 7,Active air,2,Tech D
EM002263,2026-06-19,CR-101,ISO 7,Surface contact,0,Tech A
EM002264,2026-06-19,CR-101,ISO 7,Compressed air,0,Tech D
EM002265,2026-06-19,CR-101,ISO 7,Personnel glove,0,Tech C
EM002266,2026-06-19,CR-102,ISO 7,Active air,3,Tech C
EM002267,2026-06-19,CR-102,ISO 7,Surface contact,1,Tech D
EM002268,2026-06-19,CR-102,ISO 7,Compressed air,0,Tech C
EM002269,2026-06-19,CR-102,ISO 7,Personnel glove,0,Tech C
EM002270,2026-06-19,CR-201,ISO 8,Active air,1,Tech D
EM002271,2026-06-19,CR-201,ISO 8,Surface contact,0,Tech C
EM002272,2026-06-19,CR-201,ISO 8,Compressed air,0,Tech D
EM002273,2026-06-19,CR-201,ISO 8,Personnel glove,0,Tech C
EM002274,2026-06-19,CR-202,ISO 8,Active air,3,Tech C
EM002275,2026-06-19,CR-202,ISO 8,Surface contact,0,Tech D
EM002276,2026-06-19,CR-202,ISO 8,Compressed air,0,Tech B
EM002277,2026-06-19,CR-202,ISO 8,Personnel glove,0,Tech B
EM002278,2026-06-19,Gowning,ISO 8,Active air,3,Tech A
EM002279,2026-06-19,Gowning,ISO 8,Surface contact,1,Tech B
EM002280,2026-06-19,Gowning,ISO 8,Personnel glove,0,Tech A
EM002281,2026-06-22,CR-101,ISO 7,Active air,0,Tech C
EM002282,2026-06-22,CR-101,ISO 7,Surface contact,1,Tech C
EM002283,2026-06-22,CR-101,ISO 7,Compressed air,0,Tech C
EM002284,2026-06-22,CR-101,ISO 7,Personnel glove,0,Tech A
EM002285,2026-06-22,CR-102,ISO 7,Active air,1,Tech D
EM002286,2026-06-22,CR-102,ISO 7,Surface contact,0,Tech B
EM002287,2026-06-22,CR-102,ISO 7,Compressed air,0,Tech D
EM002288,2026-06-22,CR-102,ISO 7,Personnel glove,0,Tech C
EM002289,2026-06-22,CR-201,ISO 8,Active air,1,Tech D
EM002290,2026-06-22,CR-201,ISO 8,Surface contact,0,Tech C
EM002291,2026-06-22,CR-201,ISO 8,Compressed air,0,Tech B
EM002292,2026-06-22,CR-201,ISO 8,Personnel glove,0,Tech B
EM002293,2026-06-22,CR-202,ISO 8,Active air,2,Tech B
EM002294,2026-06-22,CR-202,ISO 8,Surface contact,1,Tech A
EM002295,2026-06-22,CR-202,ISO 8,Compressed air,0,Tech B
EM002296,2026-06-22,CR-202,ISO 8,Personnel glove,0,Tech A
EM002297,2026-06-22,Gowning,ISO 8,Active air,1,Tech D
EM002298,2026-06-22,Gowning,ISO 8,Surface contact,2,Tech A
EM002299,2026-06-22,Gowning,ISO 8,Personnel glove,0,Tech A
EM002300,2026-06-23,CR-101,ISO 7,Active air,2,Tech C
EM002301,2026-06-23,CR-101,ISO 7,Surface contact,1,Tech D
EM002302,2026-06-23,CR-101,ISO 7,Compressed air,0,Tech D
EM002303,2026-06-23,CR-101,ISO 7,Personnel glove,0,Tech B
EM002304,2026-06-23,CR-102,ISO 7,Active air,0,Tech B
EM002305,2026-06-23,CR-102,ISO 7,Surface contact,0,Tech B
EM002306,2026-06-23,CR-102,ISO 7,Compressed air,0,Tech C
EM002307,2026-06-23,CR-102,ISO 7,Personnel glove,0,Tech A
EM002308,2026-06-23,CR-201,ISO 8,Active air,1,Tech A
EM002309,2026-06-23,CR-201,ISO 8,Surface contact,2,Tech A
EM002310,2026-06-23,CR-201,ISO 8,Compressed air,0,Tech C
EM002311,2026-06-23,CR-201,ISO 8,Personnel glove,0,Tech D
EM002312,2026-06-23,CR-202,ISO 8,Active air,2,Tech A
EM002313,2026-06-23,CR-202,ISO 8,Surface contact,0,Tech A
EM002314,2026-06-23,CR-202,ISO 8,Compressed air,1,Tech B
EM002315,2026-06-23,CR-202,ISO 8,Personnel glove,0,Tech C
EM002316,2026-06-23,Gowning,ISO 8,Active air,2,Tech A
EM002317,2026-06-23,Gowning,ISO 8,Surface contact,0,Tech A
EM002318,2026-06-23,Gowning,ISO 8,Personnel glove,0,Tech C
EM002319,2026-06-24,CR-101,ISO 7,Active air,0,Tech D
EM002320,2026-06-24,CR-101,ISO 7,Surface contact,1,Tech A
EM002321,2026-06-24,CR-101,ISO 7,Compressed air,0,Tech B
EM002322,2026-06-24,CR-101,ISO 7,Personnel glove,0,Tech B
EM002323,2026-06-24,CR-102,ISO 7,Active air,2,Tech B
EM002324,2026-06-24,CR-102,ISO 7,Surface contact,0,Tech D
EM002325,2026-06-24,CR-102,ISO 7,Compressed air,0,Tech A
EM002326,2026-06-24,CR-102,ISO 7,Personnel glove,0,Tech A
EM002327,2026-06-24,CR-201,ISO 8,Active air,0,Tech B
EM002328,2026-06-24,CR-201,ISO 8,Surface contact,0,Tech D
EM002329,2026-06-24,CR-201,ISO 8,Compressed air,0,Tech A
EM002330,2026-06-24,CR-201,ISO 8,Personnel glove,1,Tech D
EM002331,2026-06-24,CR-202,ISO 8,Active air,2,Tech A
EM002332,2026-06-24,CR-202,ISO 8,Surface contact,0,Tech A
EM002333,2026-06-24,CR-202,ISO 8,Compressed air,0,Tech A
EM002334,2026-06-24,CR-202,ISO 8,Personnel glove,0,Tech A
EM002335,2026-06-24,Gowning,ISO 8,Active air,2,Tech A
EM002336,2026-06-24,Gowning,ISO 8,Surface contact,2,Tech A
EM002337,2026-06-24,Gowning,ISO 8,Personnel glove,0,Tech D
EM002338,2026-06-25,CR-101,ISO 7,Active air,1,Tech A
EM002339,2026-06-25,CR-101,ISO 7,Surface contact,0,Tech D
EM002340,2026-06-25,CR-101,ISO 7,Compressed air,0,Tech D
EM002341,2026-06-25,CR-101,ISO 7,Personnel glove,0,Tech C
EM002342,2026-06-25,CR-102,ISO 7,Active air,2,Tech C
EM002343,2026-06-25,CR-102,ISO 7,Surface contact,0,Tech C
EM002344,2026-06-25,CR-102,ISO 7,Compressed air,0,Tech B
EM002345,2026-06-25,CR-102,ISO 7,Personnel glove,0,Tech C
EM002346,2026-06-25,CR-201,ISO 8,Active air,3,Tech C
EM002347,2026-06-25,CR-201,ISO 8,Surface contact,0,Tech A
EM002348,2026-06-25,CR-201,ISO 8,Compressed air,0,Tech B
EM002349,2026-06-25,CR-201,ISO 8,Personnel glove,0,Tech B
EM002350,2026-06-25,CR-202,ISO 8,Active air,1,Tech A
EM002351,2026-06-25,CR-202,ISO 8,Surface contact,2,Tech C
EM002352,2026-06-25,CR-202,ISO 8,Compressed air,0,Tech B
EM002353,2026-06-25,CR-202,ISO 8,Personnel glove,0,Tech A
EM002354,2026-06-25,Gowning,ISO 8,Active air,2,Tech D
EM002355,2026-06-25,Gowning,ISO 8,Surface contact,1,Tech D
EM002356,2026-06-25,Gowning,ISO 8,Personnel glove,0,Tech C
EM002357,2026-06-26,CR-101,ISO 7,Active air,1,Tech C
EM002358,2026-06-26,CR-101,ISO 7,Surface contact,0,Tech A
EM002359,2026-06-26,CR-101,ISO 7,Compressed air,0,Tech A
EM002360,2026-06-26,CR-101,ISO 7,Personnel glove,0,Tech D
EM002361,2026-06-26,CR-102,ISO 7,Active air,0,Tech C
EM002362,2026-06-26,CR-102,ISO 7,Surface contact,0,Tech A
EM002363,2026-06-26,CR-102,ISO 7,Compressed air,0,Tech D
EM002364,2026-06-26,CR-102,ISO 7,Personnel glove,0,Tech C
EM002365,2026-06-26,CR-201,ISO 8,Active air,2,Tech C
EM002366,2026-06-26,CR-201,ISO 8,Surface contact,0,Tech A
EM002367,2026-06-26,CR-201,ISO 8,Compressed air,0,Tech B
EM002368,2026-06-26,CR-201,ISO 8,Personnel glove,1,Tech C
EM002369,2026-06-26,CR-202,ISO 8,Active air,3,Tech C
EM002370,2026-06-26,CR-202,ISO 8,Surface contact,0,Tech B
EM002371,2026-06-26,CR-202,ISO 8,Compressed air,0,Tech D
EM002372,2026-06-26,CR-202,ISO 8,Personnel glove,1,Tech D
EM002373,2026-06-26,Gowning,ISO 8,Active air,0,Tech D
EM002374,2026-06-26,Gowning,ISO 8,Surface contact,0,Tech A
EM002375,2026-06-26,Gowning,ISO 8,Personnel glove,0,Tech B
EM002376,2026-06-29,CR-101,ISO 7,Active air,0,Tech C
EM002377,2026-06-29,CR-101,ISO 7,Surface contact,0,Tech D
EM002378,2026-06-29,CR-101,ISO 7,Compressed air,0,Tech D
EM002379,2026-06-29,CR-101,ISO 7,Personnel glove,0,Tech D
EM002380,2026-06-29,CR-102,ISO 7,Active air,1,Tech B
EM002381,2026-06-29,CR-102,ISO 7,Surface contact,0,Tech C
EM002382,2026-06-29,CR-102,ISO 7,Compressed air,0,Tech D
EM002383,2026-06-29,CR-102,ISO 7,Personnel glove,0,Tech C
EM002384,2026-06-29,CR-201,ISO 8,Active air,1,Tech B
EM002385,2026-06-29,CR-201,ISO 8,Surface contact,1,Tech D
EM002386,2026-06-29,CR-201,ISO 8,Compressed air,0,Tech D
EM002387,2026-06-29,CR-201,ISO 8,Personnel glove,0,Tech A
EM002388,2026-06-29,CR-202,ISO 8,Active air,1,Tech A
EM002389,2026-06-29,CR-202,ISO 8,Surface contact,1,Tech B
EM002390,2026-06-29,CR-202,ISO 8,Compressed air,0,Tech C
EM002391,2026-06-29,CR-202,ISO 8,Personnel glove,0,Tech B
EM002392,2026-06-29,Gowning,ISO 8,Active air,3,Tech A
EM002393,2026-06-29,Gowning,ISO 8,Surface contact,0,Tech A
EM002394,2026-06-29,Gowning,ISO 8,Personnel glove,0,Tech C
EM002395,2026-06-30,CR-101,ISO 7,Active air,1,Tech D
EM002396,2026-06-30,CR-101,ISO 7,Surface contact,0,Tech A
EM002397,2026-06-30,CR-101,ISO 7,Compressed air,0,Tech D
EM002398,2026-06-30,CR-101,ISO 7,Personnel glove,0,Tech D
EM002399,2026-06-30,CR-102,ISO 7,Active air,1,Tech B
EM002400,2026-06-30,CR-102,ISO 7,Surface contact,0,Tech A
EM002401,2026-06-30,CR-102,ISO 7,Compressed air,0,Tech D
EM002402,2026-06-30,CR-102,ISO 7,Personnel glove,0,Tech C
EM002403,2026-06-30,CR-201,ISO 8,Active air,1,Tech C
EM002404,2026-06-30,CR-201,ISO 8,Surface contact,0,Tech D
EM002405,2026-06-30,CR-201,ISO 8,Compressed air,0,Tech B
EM002406,2026-06-30,CR-201,ISO 8,Personnel glove,0,Tech A
EM002407,2026-06-30,CR-202,ISO 8,Active air,3,Tech B
EM002408,2026-06-30,CR-202,ISO 8,Surface contact,1,Tech D
EM002409,2026-06-30,CR-202,ISO 8,Compressed air,0,Tech C
EM002410,2026-06-30,CR-202,ISO 8,Personnel glove,0,Tech A
EM002411,2026-06-30,Gowning,ISO 8,Active air,2,Tech D
EM002412,2026-06-30,Gowning,ISO 8,Surface contact,1,Tech D
EM002413,2026-06-30,Gowning,ISO 8,Personnel glove,0,Tech B
EM002414,2026-07-01,CR-101,ISO 7,Active air,0,Tech B
EM002415,2026-07-01,CR-101,ISO 7,Surface contact,0,Tech B
EM002416,2026-07-01,CR-101,ISO 7,Compressed air,0,Tech A
EM002417,2026-07-01,CR-101,ISO 7,Personnel glove,0,Tech B
EM002418,2026-07-01,CR-102,ISO 7,Active air,2,Tech A
EM002419,2026-07-01,CR-102,ISO 7,Surface contact,0,Tech A
EM002420,2026-07-01,CR-102,ISO 7,Compressed air,0,Tech A
EM002421,2026-07-01,CR-102,ISO 7,Personnel glove,0,Tech C
EM002422,2026-07-01,CR-201,ISO 8,Active air,4,Tech A
EM002423,2026-07-01,CR-201,ISO 8,Surface contact,1,Tech B
EM002424,2026-07-01,CR-201,ISO 8,Compressed air,0,Tech C
EM002425,2026-07-01,CR-201,ISO 8,Personnel glove,0,Tech C
EM002426,2026-07-01,CR-202,ISO 8,Active air,3,Tech D
EM002427,2026-07-01,CR-202,ISO 8,Surface contact,0,Tech C
EM002428,2026-07-01,CR-202,ISO 8,Compressed air,0,Tech B
EM002429,2026-07-01,CR-202,ISO 8,Personnel glove,0,Tech D
EM002430,2026-07-01,Gowning,ISO 8,Active air,3,Tech C
EM002431,2026-07-01,Gowning,ISO 8,Surface contact,2,Tech B
EM002432,2026-07-01,Gowning,ISO 8,Personnel glove,0,Tech A
EM002433,2026-07-02,CR-101,ISO 7,Active air,0,Tech C
EM002434,2026-07-02,CR-101,ISO 7,Surface contact,0,Tech C
EM002435,2026-07-02,CR-101,ISO 7,Compressed air,0,Tech D
EM002436,2026-07-02,CR-101,ISO 7,Personnel glove,0,Tech A
EM002437,2026-07-02,CR-102,ISO 7,Active air,0,Tech D
EM002438,2026-07-02,CR-102,ISO 7,Surface contact,0,Tech D
EM002439,2026-07-02,CR-102,ISO 7,Compressed air,0,Tech A
EM002440,2026-07-02,CR-102,ISO 7,Personnel glove,0,Tech C
EM002441,2026-07-02,CR-201,ISO 8,Active air,1,Tech D
EM002442,2026-07-02,CR-201,ISO 8,Surface contact,1,Tech C
EM002443,2026-07-02,CR-201,ISO 8,Compressed air,0,Tech B
EM002444,2026-07-02,CR-201,ISO 8,Personnel glove,0,Tech A
EM002445,2026-07-02,CR-202,ISO 8,Active air,4,Tech B
EM002446,2026-07-02,CR-202,ISO 8,Surface contact,3,Tech B
EM002447,2026-07-02,CR-202,ISO 8,Compressed air,0,Tech D
EM002448,2026-07-02,CR-202,ISO 8,Personnel glove,0,Tech C
EM002449,2026-07-02,Gowning,ISO 8,Active air,2,Tech D
EM002450,2026-07-02,Gowning,ISO 8,Surface contact,1,Tech C
EM002451,2026-07-02,Gowning,ISO 8,Personnel glove,0,Tech B
EM002452,2026-07-03,CR-101,ISO 7,Active air,2,Tech B
EM002453,2026-07-03,CR-101,ISO 7,Surface contact,0,Tech B
EM002454,2026-07-03,CR-101,ISO 7,Compressed air,0,Tech A
EM002455,2026-07-03,CR-101,ISO 7,Personnel glove,0,Tech B
EM002456,2026-07-03,CR-102,ISO 7,Active air,1,Tech C
EM002457,2026-07-03,CR-102,ISO 7,Surface contact,2,Tech B
EM002458,2026-07-03,CR-102,ISO 7,Compressed air,0,Tech C
EM002459,2026-07-03,CR-102,ISO 7,Personnel glove,0,Tech C
EM002460,2026-07-03,CR-201,ISO 8,Active air,2,Tech A
EM002461,2026-07-03,CR-201,ISO 8,Surface contact,0,Tech A
EM002462,2026-07-03,CR-201,ISO 8,Compressed air,1,Tech C
EM002463,2026-07-03,CR-201,ISO 8,Personnel glove,0,Tech A
EM002464,2026-07-03,CR-202,ISO 8,Active air,4,Tech B
EM002465,2026-07-03,CR-202,ISO 8,Surface contact,1,Tech B
EM002466,2026-07-03,CR-202,ISO 8,Compressed air,0,Tech C
EM002467,2026-07-03,CR-202,ISO 8,Personnel glove,0,Tech B
EM002468,2026-07-03,Gowning,ISO 8,Active air,3,Tech A
EM002469,2026-07-03,Gowning,ISO 8,Surface contact,1,Tech C
EM002470,2026-07-03,Gowning,ISO 8,Personnel glove,0,Tech B
EM002471,2026-07-06,CR-101,ISO 7,Active air,1,Tech A
EM002472,2026-07-06,CR-101,ISO 7,Surface contact,1,Tech D
EM002473,2026-07-06,CR-101,ISO 7,Compressed air,0,Tech C
EM002474,2026-07-06,CR-101,ISO 7,Personnel glove,0,Tech C
EM002475,2026-07-06,CR-102,ISO 7,Active air,1,Tech A
EM002476,2026-07-06,CR-102,ISO 7,Surface contact,2,Tech D
EM002477,2026-07-06,CR-102,ISO 7,Compressed air,0,Tech A
EM002478,2026-07-06,CR-102,ISO 7,Personnel glove,0,Tech C
EM002479,2026-07-06,CR-201,ISO 8,Active air,2,Tech B
EM002480,2026-07-06,CR-201,ISO 8,Surface contact,0,Tech C
EM002481,2026-07-06,CR-201,ISO 8,Compressed air,0,Tech A
EM002482,2026-07-06,CR-201,ISO 8,Personnel glove,0,Tech A
EM002483,2026-07-06,CR-202,ISO 8,Active air,2,Tech D
EM002484,2026-07-06,CR-202,ISO 8,Surface contact,3,Tech C
EM002485,2026-07-06,CR-202,ISO 8,Compressed air,0,Tech D
EM002486,2026-07-06,CR-202,ISO 8,Personnel glove,1,Tech D
EM002487,2026-07-06,Gowning,ISO 8,Active air,1,Tech C
EM002488,2026-07-06,Gowning,ISO 8,Surface contact,1,Tech D
EM002489,2026-07-06,Gowning,ISO 8,Personnel glove,0,Tech A
EM002490,2026-07-07,CR-101,ISO 7,Active air,1,Tech D
EM002491,2026-07-07,CR-101,ISO 7,Surface contact,0,Tech D
EM002492,2026-07-07,CR-101,ISO 7,Compressed air,0,Tech B
EM002493,2026-07-07,CR-101,ISO 7,Personnel glove,0,Tech D
EM002494,2026-07-07,CR-102,ISO 7,Active air,0,Tech A
EM002495,2026-07-07,CR-102,ISO 7,Surface contact,0,Tech D
EM002496,2026-07-07,CR-102,ISO 7,Compressed air,0,Tech A
EM002497,2026-07-07,CR-102,ISO 7,Personnel glove,0,Tech B
EM002498,2026-07-07,CR-201,ISO 8,Active air,1,Tech A
EM002499,2026-07-07,CR-201,ISO 8,Surface contact,0,Tech C
EM002500,2026-07-07,CR-201,ISO 8,Compressed air,1,Tech D
EM002501,2026-07-07,CR-201,ISO 8,Personnel glove,0,Tech C
EM002502,2026-07-07,CR-202,ISO 8,Active air,1,Tech B
EM002503,2026-07-07,CR-202,ISO 8,Surface contact,2,Tech D
EM002504,2026-07-07,CR-202,ISO 8,Compressed air,0,Tech B
EM002505,2026-07-07,CR-202,ISO 8,Personnel glove,0,Tech A
EM002506,2026-07-07,Gowning,ISO 8,Active air,2,Tech D
EM002507,2026-07-07,Gowning,ISO 8,Surface contact,0,Tech A
EM002508,2026-07-07,Gowning,ISO 8,Personnel glove,0,Tech B
EM002509,2026-07-08,CR-101,ISO 7,Active air,1,Tech A
EM002510,2026-07-08,CR-101,ISO 7,Surface contact,0,Tech D
EM002511,2026-07-08,CR-101,ISO 7,Compressed air,0,Tech B
EM002512,2026-07-08,CR-101,ISO 7,Personnel glove,0,Tech B
EM002513,2026-07-08,CR-102,ISO 7,Active air,2,Tech C
EM002514,2026-07-08,CR-102,ISO 7,Surface contact,0,Tech A
EM002515,2026-07-08,CR-102,ISO 7,Compressed air,0,Tech B
EM002516,2026-07-08,CR-102,ISO 7,Personnel glove,0,Tech C
EM002517,2026-07-08,CR-201,ISO 8,Active air,1,Tech C
EM002518,2026-07-08,CR-201,ISO 8,Surface contact,1,Tech D
EM002519,2026-07-08,CR-201,ISO 8,Compressed air,0,Tech D
EM002520,2026-07-08,CR-201,ISO 8,Personnel glove,0,Tech B
EM002521,2026-07-08,CR-202,ISO 8,Active air,0,Tech C
EM002522,2026-07-08,CR-202,ISO 8,Surface contact,1,Tech A
EM002523,2026-07-08,CR-202,ISO 8,Compressed air,0,Tech D
EM002524,2026-07-08,CR-202,ISO 8,Personnel glove,0,Tech C
EM002525,2026-07-08,Gowning,ISO 8,Active air,3,Tech B
EM002526,2026-07-08,Gowning,ISO 8,Surface contact,0,Tech B
EM002527,2026-07-08,Gowning,ISO 8,Personnel glove,0,Tech B
EM002528,2026-07-09,CR-101,ISO 7,Active air,0,Tech C
EM002529,2026-07-09,CR-101,ISO 7,Surface contact,0,Tech D
EM002530,2026-07-09,CR-101,ISO 7,Compressed air,0,Tech A
EM002531,2026-07-09,CR-101,ISO 7,Personnel glove,0,Tech C
EM002532,2026-07-09,CR-102,ISO 7,Active air,0,Tech C
EM002533,2026-07-09,CR-102,ISO 7,Surface contact,1,Tech A
EM002534,2026-07-09,CR-102,ISO 7,Compressed air,0,Tech D
EM002535,2026-07-09,CR-102,ISO 7,Personnel glove,0,Tech D
EM002536,2026-07-09,CR-201,ISO 8,Active air,2,Tech C
EM002537,2026-07-09,CR-201,ISO 8,Surface contact,1,Tech B
EM002538,2026-07-09,CR-201,ISO 8,Compressed air,0,Tech C
EM002539,2026-07-09,CR-201,ISO 8,Personnel glove,0,Tech B
EM002540,2026-07-09,CR-202,ISO 8,Active air,4,Tech D
EM002541,2026-07-09,CR-202,ISO 8,Surface contact,3,Tech A
EM002542,2026-07-09,CR-202,ISO 8,Compressed air,0,Tech B
EM002543,2026-07-09,CR-202,ISO 8,Personnel glove,2,Tech B
EM002544,2026-07-09,Gowning,ISO 8,Active air,3,Tech A
EM002545,2026-07-09,Gowning,ISO 8,Surface contact,0,Tech D
EM002546,2026-07-09,Gowning,ISO 8,Personnel glove,0,Tech B
EM002547,2026-07-10,CR-101,ISO 7,Active air,1,Tech A
EM002548,2026-07-10,CR-101,ISO 7,Surface contact,0,Tech D
EM002549,2026-07-10,CR-101,ISO 7,Compressed air,0,Tech C
EM002550,2026-07-10,CR-101,ISO 7,Personnel glove,0,Tech B
EM002551,2026-07-10,CR-102,ISO 7,Active air,1,Tech C
EM002552,2026-07-10,CR-102,ISO 7,Surface contact,1,Tech A
EM002553,2026-07-10,CR-102,ISO 7,Compressed air,0,Tech B
EM002554,2026-07-10,CR-102,ISO 7,Personnel glove,0,Tech A
EM002555,2026-07-10,CR-201,ISO 8,Active air,3,Tech B
EM002556,2026-07-10,CR-201,ISO 8,Surface contact,2,Tech D
EM002557,2026-07-10,CR-201,ISO 8,Compressed air,0,Tech B
EM002558,2026-07-10,CR-201,ISO 8,Personnel glove,0,Tech D
EM002559,2026-07-10,CR-202,ISO 8,Active air,1,Tech A
EM002560,2026-07-10,CR-202,ISO 8,Surface contact,0,Tech C
EM002561,2026-07-10,CR-202,ISO 8,Compressed air,0,Tech A
EM002562,2026-07-10,CR-202,ISO 8,Personnel glove,0,Tech B
EM002563,2026-07-10,Gowning,ISO 8,Active air,1,Tech B
EM002564,2026-07-10,Gowning,ISO 8,Surface contact,3,Tech B
EM002565,2026-07-10,Gowning,ISO 8,Personnel glove,0,Tech A
EM002566,2026-07-13,CR-101,ISO 7,Active air,4,Tech B
EM002567,2026-07-13,CR-101,ISO 7,Surface contact,0,Tech A
EM002568,2026-07-13,CR-101,ISO 7,Compressed air,0,Tech C
EM002569,2026-07-13,CR-101,ISO 7,Personnel glove,0,Tech A
EM002570,2026-07-13,CR-102,ISO 7,Active air,0,Tech C
EM002571,2026-07-13,CR-102,ISO 7,Surface contact,0,Tech D
EM002572,2026-07-13,CR-102,ISO 7,Compressed air,0,Tech B
EM002573,2026-07-13,CR-102,ISO 7,Personnel glove,1,Tech C
EM002574,2026-07-13,CR-201,ISO 8,Active air,3,Tech D
EM002575,2026-07-13,CR-201,ISO 8,Surface contact,0,Tech D
EM002576,2026-07-13,CR-201,ISO 8,Compressed air,0,Tech A
EM002577,2026-07-13,CR-201,ISO 8,Personnel glove,0,Tech A
EM002578,2026-07-13,CR-202,ISO 8,Active air,4,Tech A
EM002579,2026-07-13,CR-202,ISO 8,Surface contact,3,Tech B
EM002580,2026-07-13,CR-202,ISO 8,Compressed air,0,Tech A
EM002581,2026-07-13,CR-202,ISO 8,Personnel glove,1,Tech C
EM002582,2026-07-13,Gowning,ISO 8,Active air,4,Tech A
EM002583,2026-07-13,Gowning,ISO 8,Surface contact,0,Tech B
EM002584,2026-07-13,Gowning,ISO 8,Personnel glove,0,Tech D
EM002585,2026-07-14,CR-101,ISO 7,Active air,2,Tech B
EM002586,2026-07-14,CR-101,ISO 7,Surface contact,1,Tech C
EM002587,2026-07-14,CR-101,ISO 7,Compressed air,0,Tech A
EM002588,2026-07-14,CR-101,ISO 7,Personnel glove,0,Tech D
EM002589,2026-07-14,CR-102,ISO 7,Active air,1,Tech C
EM002590,2026-07-14,CR-102,ISO 7,Surface contact,0,Tech C
EM002591,2026-07-14,CR-102,ISO 7,Compressed air,0,Tech A
EM002592,2026-07-14,CR-102,ISO 7,Personnel glove,0,Tech C
EM002593,2026-07-14,CR-201,ISO 8,Active air,0,Tech D
EM002594,2026-07-14,CR-201,ISO 8,Surface contact,0,Tech A
EM002595,2026-07-14,CR-201,ISO 8,Compressed air,0,Tech A
EM002596,2026-07-14,CR-201,ISO 8,Personnel glove,0,Tech D
EM002597,2026-07-14,CR-202,ISO 8,Active air,5,Tech A
EM002598,2026-07-14,CR-202,ISO 8,Surface contact,1,Tech D
EM002599,2026-07-14,CR-202,ISO 8,Compressed air,0,Tech C
EM002600,2026-07-14,CR-202,ISO 8,Personnel glove,0,Tech A
EM002601,2026-07-14,Gowning,ISO 8,Active air,2,Tech B
EM002602,2026-07-14,Gowning,ISO 8,Surface contact,1,Tech A
EM002603,2026-07-14,Gowning,ISO 8,Personnel glove,0,Tech C
EM002604,2026-07-15,CR-101,ISO 7,Active air,1,Tech C
EM002605,2026-07-15,CR-101,ISO 7,Surface contact,0,Tech A
EM002606,2026-07-15,CR-101,ISO 7,Compressed air,0,Tech A
EM002607,2026-07-15,CR-101,ISO 7,Personnel glove,0,Tech C
EM002608,2026-07-15,CR-102,ISO 7,Active air,3,Tech A
EM002609,2026-07-15,CR-102,ISO 7,Surface contact,1,Tech B
EM002610,2026-07-15,CR-102,ISO 7,Compressed air,0,Tech A
EM002611,2026-07-15,CR-102,ISO 7,Personnel glove,0,Tech B
EM002612,2026-07-15,CR-201,ISO 8,Active air,3,Tech B
EM002613,2026-07-15,CR-201,ISO 8,Surface contact,0,Tech A
EM002614,2026-07-15,CR-201,ISO 8,Compressed air,0,Tech A
EM002615,2026-07-15,CR-201,ISO 8,Personnel glove,0,Tech C
EM002616,2026-07-15,CR-202,ISO 8,Active air,1,Tech D
EM002617,2026-07-15,CR-202,ISO 8,Surface contact,1,Tech B
EM002618,2026-07-15,CR-202,ISO 8,Compressed air,0,Tech D
EM002619,2026-07-15,CR-202,ISO 8,Personnel glove,1,Tech A
EM002620,2026-07-15,Gowning,ISO 8,Active air,1,Tech D
EM002621,2026-07-15,Gowning,ISO 8,Surface contact,2,Tech B
EM002622,2026-07-15,Gowning,ISO 8,Personnel glove,0,Tech C
EM002623,2026-07-16,CR-101,ISO 7,Active air,4,Tech B
EM002624,2026-07-16,CR-101,ISO 7,Surface contact,1,Tech C
EM002625,2026-07-16,CR-101,ISO 7,Compressed air,0,Tech B
EM002626,2026-07-16,CR-101,ISO 7,Personnel glove,0,Tech C
EM002627,2026-07-16,CR-102,ISO 7,Active air,1,Tech C
EM002628,2026-07-16,CR-102,ISO 7,Surface contact,2,Tech C
EM002629,2026-07-16,CR-102,ISO 7,Compressed air,0,Tech C
EM002630,2026-07-16,CR-102,ISO 7,Personnel glove,0,Tech D
EM002631,2026-07-16,CR-201,ISO 8,Active air,0,Tech A
EM002632,2026-07-16,CR-201,ISO 8,Surface contact,0,Tech B
EM002633,2026-07-16,CR-201,ISO 8,Compressed air,0,Tech D
EM002634,2026-07-16,CR-201,ISO 8,Personnel glove,1,Tech B
EM002635,2026-07-16,CR-202,ISO 8,Active air,3,Tech C
EM002636,2026-07-16,CR-202,ISO 8,Surface contact,0,Tech D
EM002637,2026-07-16,CR-202,ISO 8,Compressed air,0,Tech A
EM002638,2026-07-16,CR-202,ISO 8,Personnel glove,1,Tech A
EM002639,2026-07-16,Gowning,ISO 8,Active air,4,Tech D
EM002640,2026-07-16,Gowning,ISO 8,Surface contact,2,Tech D
EM002641,2026-07-16,Gowning,ISO 8,Personnel glove,0,Tech B
EM002642,2026-07-17,CR-101,ISO 7,Active air,1,Tech A
EM002643,2026-07-17,CR-101,ISO 7,Surface contact,0,Tech D
EM002644,2026-07-17,CR-101,ISO 7,Compressed air,0,Tech D
EM002645,2026-07-17,CR-101,ISO 7,Personnel glove,0,Tech A
EM002646,2026-07-17,CR-102,ISO 7,Active air,0,Tech A
EM002647,2026-07-17,CR-102,ISO 7,Surface contact,0,Tech A
EM002648,2026-07-17,CR-102,ISO 7,Compressed air,0,Tech C
EM002649,2026-07-17,CR-102,ISO 7,Personnel glove,0,Tech D
EM002650,2026-07-17,CR-201,ISO 8,Active air,4,Tech A
EM002651,2026-07-17,CR-201,ISO 8,Surface contact,0,Tech A
EM002652,2026-07-17,CR-201,ISO 8,Compressed air,0,Tech B
EM002653,2026-07-17,CR-201,ISO 8,Personnel glove,0,Tech C
EM002654,2026-07-17,CR-202,ISO 8,Active air,3,Tech A
EM002655,2026-07-17,CR-202,ISO 8,Surface contact,0,Tech C
EM002656,2026-07-17,CR-202,ISO 8,Compressed air,0,Tech D
EM002657,2026-07-17,CR-202,ISO 8,Personnel glove,0,Tech A
EM002658,2026-07-17,Gowning,ISO 8,Active air,3,Tech D
EM002659,2026-07-17,Gowning,ISO 8,Surface contact,0,Tech A
EM002660,2026-07-17,Gowning,ISO 8,Personnel glove,0,Tech C
EM002661,2026-07-20,CR-101,ISO 7,Active air,0,Tech B
EM002662,2026-07-20,CR-101,ISO 7,Surface contact,0,Tech D
EM002663,2026-07-20,CR-101,ISO 7,Compressed air,0,Tech A
EM002664,2026-07-20,CR-101,ISO 7,Personnel glove,0,Tech D
EM002665,2026-07-20,CR-102,ISO 7,Active air,1,Tech C
EM002666,2026-07-20,CR-102,ISO 7,Surface contact,1,Tech A
EM002667,2026-07-20,CR-102,ISO 7,Compressed air,1,Tech C
EM002668,2026-07-20,CR-102,ISO 7,Personnel glove,0,Tech C
EM002669,2026-07-20,CR-201,ISO 8,Active air,1,Tech D
EM002670,2026-07-20,CR-201,ISO 8,Surface contact,0,Tech B
EM002671,2026-07-20,CR-201,ISO 8,Compressed air,0,Tech D
EM002672,2026-07-20,CR-201,ISO 8,Personnel glove,1,Tech B
EM002673,2026-07-20,CR-202,ISO 8,Active air,5,Tech D
EM002674,2026-07-20,CR-202,ISO 8,Surface contact,0,Tech B
EM002675,2026-07-20,CR-202,ISO 8,Compressed air,0,Tech B
EM002676,2026-07-20,CR-202,ISO 8,Personnel glove,0,Tech C
EM002677,2026-07-20,Gowning,ISO 8,Active air,3,Tech A
EM002678,2026-07-20,Gowning,ISO 8,Surface contact,0,Tech D
EM002679,2026-07-20,Gowning,ISO 8,Personnel glove,0,Tech B
EM002680,2026-07-21,CR-101,ISO 7,Active air,2,Tech B
EM002681,2026-07-21,CR-101,ISO 7,Surface contact,0,Tech D
EM002682,2026-07-21,CR-101,ISO 7,Compressed air,0,Tech D
EM002683,2026-07-21,CR-101,ISO 7,Personnel glove,0,Tech C
EM002684,2026-07-21,CR-102,ISO 7,Active air,1,Tech B
EM002685,2026-07-21,CR-102,ISO 7,Surface contact,1,Tech C
EM002686,2026-07-21,CR-102,ISO 7,Compressed air,0,Tech D
EM002687,2026-07-21,CR-102,ISO 7,Personnel glove,0,Tech A
EM002688,2026-07-21,CR-201,ISO 8,Active air,4,Tech C
EM002689,2026-07-21,CR-201,ISO 8,Surface contact,1,Tech B
EM002690,2026-07-21,CR-201,ISO 8,Compressed air,0,Tech A
EM002691,2026-07-21,CR-201,ISO 8,Personnel glove,1,Tech B
EM002692,2026-07-21,CR-202,ISO 8,Active air,3,Tech D
EM002693,2026-07-21,CR-202,ISO 8,Surface contact,0,Tech D
EM002694,2026-07-21,CR-202,ISO 8,Compressed air,0,Tech C
EM002695,2026-07-21,CR-202,ISO 8,Personnel glove,0,Tech D
EM002696,2026-07-21,Gowning,ISO 8,Active air,4,Tech D
EM002697,2026-07-21,Gowning,ISO 8,Surface contact,0,Tech A
EM002698,2026-07-21,Gowning,ISO 8,Personnel glove,0,Tech C
EM002699,2026-07-22,CR-101,ISO 7,Active air,1,Tech D
EM002700,2026-07-22,CR-101,ISO 7,Surface contact,1,Tech D
EM002701,2026-07-22,CR-101,ISO 7,Compressed air,0,Tech B
EM002702,2026-07-22,CR-101,ISO 7,Personnel glove,0,Tech C
EM002703,2026-07-22,CR-102,ISO 7,Active air,2,Tech B
EM002704,2026-07-22,CR-102,ISO 7,Surface contact,1,Tech D
EM002705,2026-07-22,CR-102,ISO 7,Compressed air,0,Tech D
EM002706,2026-07-22,CR-102,ISO 7,Personnel glove,0,Tech C
EM002707,2026-07-22,CR-201,ISO 8,Active air,0,Tech C
EM002708,2026-07-22,CR-201,ISO 8,Surface contact,0,Tech A
EM002709,2026-07-22,CR-201,ISO 8,Compressed air,0,Tech B
EM002710,2026-07-22,CR-201,ISO 8,Personnel glove,0,Tech C
EM002711,2026-07-22,CR-202,ISO 8,Active air,2,Tech A
EM002712,2026-07-22,CR-202,ISO 8,Surface contact,2,Tech B
EM002713,2026-07-22,CR-202,ISO 8,Compressed air,0,Tech C
EM002714,2026-07-22,CR-202,ISO 8,Personnel glove,0,Tech B
EM002715,2026-07-22,Gowning,ISO 8,Active air,6,Tech A
EM002716,2026-07-22,Gowning,ISO 8,Surface contact,0,Tech C
EM002717,2026-07-22,Gowning,ISO 8,Personnel glove,0,Tech A
EM002718,2026-07-23,CR-101,ISO 7,Active air,1,Tech C
EM002719,2026-07-23,CR-101,ISO 7,Surface contact,1,Tech A
EM002720,2026-07-23,CR-101,ISO 7,Compressed air,0,Tech C
EM002721,2026-07-23,CR-101,ISO 7,Personnel glove,0,Tech A
EM002722,2026-07-23,CR-102,ISO 7,Active air,2,Tech D
EM002723,2026-07-23,CR-102,ISO 7,Surface contact,1,Tech A
EM002724,2026-07-23,CR-102,ISO 7,Compressed air,0,Tech C
EM002725,2026-07-23,CR-102,ISO 7,Personnel glove,1,Tech D
EM002726,2026-07-23,CR-201,ISO 8,Active air,2,Tech B
EM002727,2026-07-23,CR-201,ISO 8,Surface contact,0,Tech D
EM002728,2026-07-23,CR-201,ISO 8,Compressed air,0,Tech A
EM002729,2026-07-23,CR-201,ISO 8,Personnel glove,1,Tech A
EM002730,2026-07-23,CR-202,ISO 8,Active air,1,Tech B
EM002731,2026-07-23,CR-202,ISO 8,Surface contact,3,Tech C
EM002732,2026-07-23,CR-202,ISO 8,Compressed air,0,Tech B
EM002733,2026-07-23,CR-202,ISO 8,Personnel glove,1,Tech D
EM002734,2026-07-23,Gowning,ISO 8,Active air,4,Tech B
EM002735,2026-07-23,Gowning,ISO 8,Surface contact,2,Tech A
EM002736,2026-07-23,Gowning,ISO 8,Personnel glove,0,Tech D
EM002737,2026-07-24,CR-101,ISO 7,Active air,2,Tech B
EM002738,2026-07-24,CR-101,ISO 7,Surface contact,1,Tech A
EM002739,2026-07-24,CR-101,ISO 7,Compressed air,0,Tech B
EM002740,2026-07-24,CR-101,ISO 7,Personnel glove,0,Tech C
EM002741,2026-07-24,CR-102,ISO 7,Active air,1,Tech A
EM002742,2026-07-24,CR-102,ISO 7,Surface contact,0,Tech D
EM002743,2026-07-24,CR-102,ISO 7,Compressed air,0,Tech D
EM002744,2026-07-24,CR-102,ISO 7,Personnel glove,0,Tech D
EM002745,2026-07-24,CR-201,ISO 8,Active air,1,Tech A
EM002746,2026-07-24,CR-201,ISO 8,Surface contact,0,Tech A
EM002747,2026-07-24,CR-201,ISO 8,Compressed air,0,Tech C
EM002748,2026-07-24,CR-201,ISO 8,Personnel glove,0,Tech A
EM002749,2026-07-24,CR-202,ISO 8,Active air,1,Tech D
EM002750,2026-07-24,CR-202,ISO 8,Surface contact,1,Tech D
EM002751,2026-07-24,CR-202,ISO 8,Compressed air,0,Tech A
EM002752,2026-07-24,CR-202,ISO 8,Personnel glove,0,Tech B
EM002753,2026-07-24,Gowning,ISO 8,Active air,4,Tech A
EM002754,2026-07-24,Gowning,ISO 8,Surface contact,0,Tech A
EM002755,2026-07-24,Gowning,ISO 8,Personnel glove,0,Tech C
EM002756,2026-07-27,CR-101,ISO 7,Active air,3,Tech C
EM002757,2026-07-27,CR-101,ISO 7,Surface contact,4,Tech C
EM002758,2026-07-27,CR-101,ISO 7,Compressed air,0,Tech D
EM002759,2026-07-27,CR-101,ISO 7,Personnel glove,0,Tech B
EM002760,2026-07-27,CR-102,ISO 7,Active air,4,Tech C
EM002761,2026-07-27,CR-102,ISO 7,Surface contact,0,Tech D
EM002762,2026-07-27,CR-102,ISO 7,Compressed air,0,Tech D
EM002763,2026-07-27,CR-102,ISO 7,Personnel glove,0,Tech B
EM002764,2026-07-27,CR-201,ISO 8,Active air,4,Tech C
EM002765,2026-07-27,CR-201,ISO 8,Surface contact,1,Tech B
EM002766,2026-07-27,CR-201,ISO 8,Compressed air,0,Tech B
EM002767,2026-07-27,CR-201,ISO 8,Personnel glove,0,Tech B
EM002768,2026-07-27,CR-202,ISO 8,Active air,2,Tech C
EM002769,2026-07-27,CR-202,ISO 8,Surface contact,0,Tech A
EM002770,2026-07-27,CR-202,ISO 8,Compressed air,0,Tech A
EM002771,2026-07-27,CR-202,ISO 8,Personnel glove,0,Tech C
EM002772,2026-07-27,Gowning,ISO 8,Active air,3,Tech B
EM002773,2026-07-27,Gowning,ISO 8,Surface contact,0,Tech D
EM002774,2026-07-27,Gowning,ISO 8,Personnel glove,0,Tech A
EM002775,2026-07-28,CR-101,ISO 7,Active air,0,Tech D
EM002776,2026-07-28,CR-101,ISO 7,Surface contact,0,Tech A
EM002777,2026-07-28,CR-101,ISO 7,Compressed air,0,Tech D
EM002778,2026-07-28,CR-101,ISO 7,Personnel glove,0,Tech A
EM002779,2026-07-28,CR-102,ISO 7,Active air,1,Tech B
EM002780,2026-07-28,CR-102,ISO 7,Surface contact,1,Tech B
EM002781,2026-07-28,CR-102,ISO 7,Compressed air,1,Tech A
EM002782,2026-07-28,CR-102,ISO 7,Personnel glove,0,Tech B
EM002783,2026-07-28,CR-201,ISO 8,Active air,0,Tech A
EM002784,2026-07-28,CR-201,ISO 8,Surface contact,0,Tech A
EM002785,2026-07-28,CR-201,ISO 8,Compressed air,0,Tech A
EM002786,2026-07-28,CR-201,ISO 8,Personnel glove,0,Tech A
EM002787,2026-07-28,CR-202,ISO 8,Active air,5,Tech D
EM002788,2026-07-28,CR-202,ISO 8,Surface contact,0,Tech A
EM002789,2026-07-28,CR-202,ISO 8,Compressed air,0,Tech A
EM002790,2026-07-28,CR-202,ISO 8,Personnel glove,0,Tech B
EM002791,2026-07-28,Gowning,ISO 8,Active air,5,Tech C
EM002792,2026-07-28,Gowning,ISO 8,Surface contact,1,Tech A
EM002793,2026-07-28,Gowning,ISO 8,Personnel glove,1,Tech C
EM002794,2026-07-29,CR-101,ISO 7,Active air,5,Tech B
EM002795,2026-07-29,CR-101,ISO 7,Surface contact,1,Tech A
EM002796,2026-07-29,CR-101,ISO 7,Compressed air,0,Tech D
EM002797,2026-07-29,CR-101,ISO 7,Personnel glove,1,Tech B
EM002798,2026-07-29,CR-102,ISO 7,Active air,0,Tech A
EM002799,2026-07-29,CR-102,ISO 7,Surface contact,2,Tech D
EM002800,2026-07-29,CR-102,ISO 7,Compressed air,0,Tech C
EM002801,2026-07-29,CR-102,ISO 7,Personnel glove,0,Tech B
EM002802,2026-07-29,CR-201,ISO 8,Active air,2,Tech D
EM002803,2026-07-29,CR-201,ISO 8,Surface contact,0,Tech D
EM002804,2026-07-29,CR-201,ISO 8,Compressed air,0,Tech A
EM002805,2026-07-29,CR-201,ISO 8,Personnel glove,0,Tech B
EM002806,2026-07-29,CR-202,ISO 8,Active air,1,Tech C
EM002807,2026-07-29,CR-202,ISO 8,Surface contact,3,Tech D
EM002808,2026-07-29,CR-202,ISO 8,Compressed air,0,Tech D
EM002809,2026-07-29,CR-202,ISO 8,Personnel glove,0,Tech B
EM002810,2026-07-29,Gowning,ISO 8,Active air,2,Tech C
EM002811,2026-07-29,Gowning,ISO 8,Surface contact,0,Tech B
EM002812,2026-07-29,Gowning,ISO 8,Personnel glove,0,Tech D
EM002813,2026-07-30,CR-101,ISO 7,Active air,0,Tech A
EM002814,2026-07-30,CR-101,ISO 7,Surface contact,1,Tech C
EM002815,2026-07-30,CR-101,ISO 7,Compressed air,0,Tech C
EM002816,2026-07-30,CR-101,ISO 7,Personnel glove,0,Tech A
EM002817,2026-07-30,CR-102,ISO 7,Active air,2,Tech B
EM002818,2026-07-30,CR-102,ISO 7,Surface contact,0,Tech B
EM002819,2026-07-30,CR-102,ISO 7,Compressed air,0,Tech B
EM002820,2026-07-30,CR-102,ISO 7,Personnel glove,0,Tech D
EM002821,2026-07-30,CR-201,ISO 8,Active air,5,Tech D
EM002822,2026-07-30,CR-201,ISO 8,Surface contact,1,Tech B
EM002823,2026-07-30,CR-201,ISO 8,Compressed air,0,Tech A
EM002824,2026-07-30,CR-201,ISO 8,Personnel glove,1,Tech C
EM002825,2026-07-30,CR-202,ISO 8,Active air,3,Tech B
EM002826,2026-07-30,CR-202,ISO 8,Surface contact,1,Tech D
EM002827,2026-07-30,CR-202,ISO 8,Compressed air,0,Tech D
EM002828,2026-07-30,CR-202,ISO 8,Personnel glove,0,Tech B
EM002829,2026-07-30,Gowning,ISO 8,Active air,5,Tech A
EM002830,2026-07-30,Gowning,ISO 8,Surface contact,0,Tech A
EM002831,2026-07-30,Gowning,ISO 8,Personnel glove,0,Tech A
EM002832,2026-07-31,CR-101,ISO 7,Active air,0,Tech B
EM002833,2026-07-31,CR-101,ISO 7,Surface contact,1,Tech D
EM002834,2026-07-31,CR-101,ISO 7,Compressed air,0,Tech A
EM002835,2026-07-31,CR-101,ISO 7,Personnel glove,0,Tech B
EM002836,2026-07-31,CR-102,ISO 7,Active air,4,Tech C
EM002837,2026-07-31,CR-102,ISO 7,Surface contact,2,Tech B
EM002838,2026-07-31,CR-102,ISO 7,Compressed air,0,Tech D
EM002839,2026-07-31,CR-102,ISO 7,Personnel glove,0,Tech A
EM002840,2026-07-31,CR-201,ISO 8,Active air,0,Tech B
EM002841,2026-07-31,CR-201,ISO 8,Surface contact,1,Tech A
EM002842,2026-07-31,CR-201,ISO 8,Compressed air,0,Tech B
EM002843,2026-07-31,CR-201,ISO 8,Personnel glove,0,Tech C
EM002844,2026-07-31,CR-202,ISO 8,Active air,1,Tech A
EM002845,2026-07-31,CR-202,ISO 8,Surface contact,2,Tech A
EM002846,2026-07-31,CR-202,ISO 8,Compressed air,0,Tech B
EM002847,2026-07-31,CR-202,ISO 8,Personnel glove,0,Tech C
EM002848,2026-07-31,Gowning,ISO 8,Active air,3,Tech A
EM002849,2026-07-31,Gowning,ISO 8,Surface contact,2,Tech C
EM002850,2026-07-31,Gowning,ISO 8,Personnel glove,0,Tech B
EM002851,2026-08-03,CR-101,ISO 7,Active air,0,Tech D
EM002852,2026-08-03,CR-101,ISO 7,Surface contact,1,Tech D
EM002853,2026-08-03,CR-101,ISO 7,Compressed air,0,Tech A
EM002854,2026-08-03,CR-101,ISO 7,Personnel glove,0,Tech C
EM002855,2026-08-03,CR-102,ISO 7,Active air,1,Tech C
EM002856,2026-08-03,CR-102,ISO 7,Surface contact,1,Tech C
EM002857,2026-08-03,CR-102,ISO 7,Compressed air,0,Tech A
EM002858,2026-08-03,CR-102,ISO 7,Personnel glove,0,Tech B
EM002859,2026-08-03,CR-201,ISO 8,Active air,6,Tech B
EM002860,2026-08-03,CR-201,ISO 8,Surface contact,1,Tech B
EM002861,2026-08-03,CR-201,ISO 8,Compressed air,0,Tech C
EM002862,2026-08-03,CR-201,ISO 8,Personnel glove,0,Tech A
EM002863,2026-08-03,CR-202,ISO 8,Active air,0,Tech D
EM002864,2026-08-03,CR-202,ISO 8,Surface contact,0,Tech D
EM002865,2026-08-03,CR-202,ISO 8,Compressed air,0,Tech D
EM002866,2026-08-03,CR-202,ISO 8,Personnel glove,0,Tech A
EM002867,2026-08-03,Gowning,ISO 8,Active air,3,Tech B
EM002868,2026-08-03,Gowning,ISO 8,Surface contact,1,Tech D
EM002869,2026-08-03,Gowning,ISO 8,Personnel glove,1,Tech B
EM002870,2026-08-04,CR-101,ISO 7,Active air,1,Tech D
EM002871,2026-08-04,CR-101,ISO 7,Surface contact,0,Tech C
EM002872,2026-08-04,CR-101,ISO 7,Compressed air,0,Tech A
EM002873,2026-08-04,CR-101,ISO 7,Personnel glove,0,Tech D
EM002874,2026-08-04,CR-102,ISO 7,Active air,1,Tech A
EM002875,2026-08-04,CR-102,ISO 7,Surface contact,0,Tech B
EM002876,2026-08-04,CR-102,ISO 7,Compressed air,0,Tech C
EM002877,2026-08-04,CR-102,ISO 7,Personnel glove,0,Tech C
EM002878,2026-08-04,CR-201,ISO 8,Active air,1,Tech C
EM002879,2026-08-04,CR-201,ISO 8,Surface contact,0,Tech C
EM002880,2026-08-04,CR-201,ISO 8,Compressed air,0,Tech A
EM002881,2026-08-04,CR-201,ISO 8,Personnel glove,0,Tech C
EM002882,2026-08-04,CR-202,ISO 8,Active air,1,Tech A
EM002883,2026-08-04,CR-202,ISO 8,Surface contact,1,Tech D
EM002884,2026-08-04,CR-202,ISO 8,Compressed air,0,Tech D
EM002885,2026-08-04,CR-202,ISO 8,Personnel glove,0,Tech B
EM002886,2026-08-04,Gowning,ISO 8,Active air,3,Tech B
EM002887,2026-08-04,Gowning,ISO 8,Surface contact,1,Tech A
EM002888,2026-08-04,Gowning,ISO 8,Personnel glove,0,Tech A
EM002889,2026-08-05,CR-101,ISO 7,Active air,1,Tech D
EM002890,2026-08-05,CR-101,ISO 7,Surface contact,0,Tech D
EM002891,2026-08-05,CR-101,ISO 7,Compressed air,0,Tech B
EM002892,2026-08-05,CR-101,ISO 7,Personnel glove,0,Tech A
EM002893,2026-08-05,CR-102,ISO 7,Active air,4,Tech D
EM002894,2026-08-05,CR-102,ISO 7,Surface contact,0,Tech D
EM002895,2026-08-05,CR-102,ISO 7,Compressed air,0,Tech D
EM002896,2026-08-05,CR-102,ISO 7,Personnel glove,0,Tech B
EM002897,2026-08-05,CR-201,ISO 8,Active air,1,Tech A
EM002898,2026-08-05,CR-201,ISO 8,Surface contact,0,Tech C
EM002899,2026-08-05,CR-201,ISO 8,Compressed air,0,Tech D
EM002900,2026-08-05,CR-201,ISO 8,Personnel glove,0,Tech A
EM002901,2026-08-05,CR-202,ISO 8,Active air,2,Tech D
EM002902,2026-08-05,CR-202,ISO 8,Surface contact,3,Tech C
EM002903,2026-08-05,CR-202,ISO 8,Compressed air,0,Tech C
EM002904,2026-08-05,CR-202,ISO 8,Personnel glove,1,Tech C
EM002905,2026-08-05,Gowning,ISO 8,Active air,2,Tech A
EM002906,2026-08-05,Gowning,ISO 8,Surface contact,3,Tech D
EM002907,2026-08-05,Gowning,ISO 8,Personnel glove,0,Tech D
EM002908,2026-08-06,CR-101,ISO 7,Active air,0,Tech C
EM002909,2026-08-06,CR-101,ISO 7,Surface contact,2,Tech D
EM002910,2026-08-06,CR-101,ISO 7,Compressed air,0,Tech C
EM002911,2026-08-06,CR-101,ISO 7,Personnel glove,0,Tech A
EM002912,2026-08-06,CR-102,ISO 7,Active air,1,Tech A
EM002913,2026-08-06,CR-102,ISO 7,Surface contact,1,Tech D
EM002914,2026-08-06,CR-102,ISO 7,Compressed air,0,Tech A
EM002915,2026-08-06,CR-102,ISO 7,Personnel glove,0,Tech A
EM002916,2026-08-06,CR-201,ISO 8,Active air,2,Tech C
EM002917,2026-08-06,CR-201,ISO 8,Surface contact,1,Tech A
EM002918,2026-08-06,CR-201,ISO 8,Compressed air,0,Tech D
EM002919,2026-08-06,CR-201,ISO 8,Personnel glove,0,Tech C
EM002920,2026-08-06,CR-202,ISO 8,Active air,5,Tech D
EM002921,2026-08-06,CR-202,ISO 8,Surface contact,0,Tech D
EM002922,2026-08-06,CR-202,ISO 8,Compressed air,0,Tech B
EM002923,2026-08-06,CR-202,ISO 8,Personnel glove,1,Tech C
EM002924,2026-08-06,Gowning,ISO 8,Active air,3,Tech C
EM002925,2026-08-06,Gowning,ISO 8,Surface contact,0,Tech B
EM002926,2026-08-06,Gowning,ISO 8,Personnel glove,0,Tech D
EM002927,2026-08-07,CR-101,ISO 7,Active air,3,Tech C
EM002928,2026-08-07,CR-101,ISO 7,Surface contact,1,Tech A
EM002929,2026-08-07,CR-101,ISO 7,Compressed air,0,Tech C
EM002930,2026-08-07,CR-101,ISO 7,Personnel glove,0,Tech C
EM002931,2026-08-07,CR-102,ISO 7,Active air,1,Tech D
EM002932,2026-08-07,CR-102,ISO 7,Surface contact,0,Tech C
EM002933,2026-08-07,CR-102,ISO 7,Compressed air,0,Tech B
EM002934,2026-08-07,CR-102,ISO 7,Personnel glove,0,Tech A
EM002935,2026-08-07,CR-201,ISO 8,Active air,4,Tech C
EM002936,2026-08-07,CR-201,ISO 8,Surface contact,1,Tech D
EM002937,2026-08-07,CR-201,ISO 8,Compressed air,0,Tech C
EM002938,2026-08-07,CR-201,ISO 8,Personnel glove,0,Tech C
EM002939,2026-08-07,CR-202,ISO 8,Active air,0,Tech C
EM002940,2026-08-07,CR-202,ISO 8,Surface contact,0,Tech C
EM002941,2026-08-07,CR-202,ISO 8,Compressed air,0,Tech B
EM002942,2026-08-07,CR-202,ISO 8,Personnel glove,2,Tech A
EM002943,2026-08-07,Gowning,ISO 8,Active air,4,Tech B
EM002944,2026-08-07,Gowning,ISO 8,Surface contact,0,Tech D
EM002945,2026-08-07,Gowning,ISO 8,Personnel glove,0,Tech B
EM002946,2026-08-10,CR-101,ISO 7,Active air,0,Tech A
EM002947,2026-08-10,CR-101,ISO 7,Surface contact,0,Tech A
EM002948,2026-08-10,CR-101,ISO 7,Compressed air,0,Tech C
EM002949,2026-08-10,CR-101,ISO 7,Personnel glove,0,Tech C
EM002950,2026-08-10,CR-102,ISO 7,Active air,1,Tech C
EM002951,2026-08-10,CR-102,ISO 7,Surface contact,0,Tech C
EM002952,2026-08-10,CR-102,ISO 7,Compressed air,0,Tech D
EM002953,2026-08-10,CR-102,ISO 7,Personnel glove,0,Tech D
EM002954,2026-08-10,CR-201,ISO 8,Active air,4,Tech C
EM002955,2026-08-10,CR-201,ISO 8,Surface contact,3,Tech C
EM002956,2026-08-10,CR-201,ISO 8,Compressed air,0,Tech B
EM002957,2026-08-10,CR-201,ISO 8,Personnel glove,0,Tech B
EM002958,2026-08-10,CR-202,ISO 8,Active air,1,Tech B
EM002959,2026-08-10,CR-202,ISO 8,Surface contact,3,Tech B
EM002960,2026-08-10,CR-202,ISO 8,Compressed air,0,Tech C
EM002961,2026-08-10,CR-202,ISO 8,Personnel glove,0,Tech B
EM002962,2026-08-10,Gowning,ISO 8,Active air,2,Tech A
EM002963,2026-08-10,Gowning,ISO 8,Surface contact,2,Tech A
EM002964,2026-08-10,Gowning,ISO 8,Personnel glove,0,Tech C
EM002965,2026-08-11,CR-101,ISO 7,Active air,0,Tech B
EM002966,2026-08-11,CR-101,ISO 7,Surface contact,1,Tech A
EM002967,2026-08-11,CR-101,ISO 7,Compressed air,0,Tech C
EM002968,2026-08-11,CR-101,ISO 7,Personnel glove,0,Tech C
EM002969,2026-08-11,CR-102,ISO 7,Active air,3,Tech C
EM002970,2026-08-11,CR-102,ISO 7,Surface contact,1,Tech A
EM002971,2026-08-11,CR-102,ISO 7,Compressed air,0,Tech D
EM002972,2026-08-11,CR-102,ISO 7,Personnel glove,0,Tech A
EM002973,2026-08-11,CR-201,ISO 8,Active air,1,Tech B
EM002974,2026-08-11,CR-201,ISO 8,Surface contact,1,Tech A
EM002975,2026-08-11,CR-201,ISO 8,Compressed air,0,Tech B
EM002976,2026-08-11,CR-201,ISO 8,Personnel glove,0,Tech A
EM002977,2026-08-11,CR-202,ISO 8,Active air,2,Tech C
EM002978,2026-08-11,CR-202,ISO 8,Surface contact,1,Tech C
EM002979,2026-08-11,CR-202,ISO 8,Compressed air,0,Tech D
EM002980,2026-08-11,CR-202,ISO 8,Personnel glove,0,Tech C
EM002981,2026-08-11,Gowning,ISO 8,Active air,1,Tech B
EM002982,2026-08-11,Gowning,ISO 8,Surface contact,1,Tech B
EM002983,2026-08-11,Gowning,ISO 8,Personnel glove,0,Tech C
EM002984,2026-08-12,CR-101,ISO 7,Active air,2,Tech C
EM002985,2026-08-12,CR-101,ISO 7,Surface contact,0,Tech B
EM002986,2026-08-12,CR-101,ISO 7,Compressed air,0,Tech D
EM002987,2026-08-12,CR-101,ISO 7,Personnel glove,0,Tech D
EM002988,2026-08-12,CR-102,ISO 7,Active air,0,Tech D
EM002989,2026-08-12,CR-102,ISO 7,Surface contact,1,Tech B
EM002990,2026-08-12,CR-102,ISO 7,Compressed air,0,Tech D
EM002991,2026-08-12,CR-102,ISO 7,Personnel glove,1,Tech D
EM002992,2026-08-12,CR-201,ISO 8,Active air,0,Tech B
EM002993,2026-08-12,CR-201,ISO 8,Surface contact,2,Tech A
EM002994,2026-08-12,CR-201,ISO 8,Compressed air,0,Tech A
EM002995,2026-08-12,CR-201,ISO 8,Personnel glove,0,Tech B
EM002996,2026-08-12,CR-202,ISO 8,Active air,4,Tech A
EM002997,2026-08-12,CR-202,ISO 8,Surface contact,1,Tech A
EM002998,2026-08-12,CR-202,ISO 8,Compressed air,0,Tech B
EM002999,2026-08-12,CR-202,ISO 8,Personnel glove,0,Tech D
EM003000,2026-08-12,Gowning,ISO 8,Active air,2,Tech A
EM003001,2026-08-12,Gowning,ISO 8,Surface contact,0,Tech A
EM003002,2026-08-12,Gowning,ISO 8,Personnel glove,0,Tech C
EM003003,2026-08-13,CR-101,ISO 7,Active air,1,Tech D
EM003004,2026-08-13,CR-101,ISO 7,Surface contact,1,Tech B
EM003005,2026-08-13,CR-101,ISO 7,Compressed air,0,Tech B
EM003006,2026-08-13,CR-101,ISO 7,Personnel glove,0,Tech B
EM003007,2026-08-13,CR-102,ISO 7,Active air,1,Tech A
EM003008,2026-08-13,CR-102,ISO 7,Surface contact,1,Tech D
EM003009,2026-08-13,CR-102,ISO 7,Compressed air,0,Tech C
EM003010,2026-08-13,CR-102,ISO 7,Personnel glove,0,Tech C
EM003011,2026-08-13,CR-201,ISO 8,Active air,1,Tech B
EM003012,2026-08-13,CR-201,ISO 8,Surface contact,1,Tech A
EM003013,2026-08-13,CR-201,ISO 8,Compressed air,0,Tech A
EM003014,2026-08-13,CR-201,ISO 8,Personnel glove,0,Tech B
EM003015,2026-08-13,CR-202,ISO 8,Active air,3,Tech D
EM003016,2026-08-13,CR-202,ISO 8,Surface contact,2,Tech C
EM003017,2026-08-13,CR-202,ISO 8,Compressed air,0,Tech A
EM003018,2026-08-13,CR-202,ISO 8,Personnel glove,1,Tech C
EM003019,2026-08-13,Gowning,ISO 8,Active air,3,Tech B
EM003020,2026-08-13,Gowning,ISO 8,Surface contact,0,Tech D
EM003021,2026-08-13,Gowning,ISO 8,Personnel glove,1,Tech A
EM003022,2026-08-14,CR-101,ISO 7,Active air,0,Tech B
EM003023,2026-08-14,CR-101,ISO 7,Surface contact,0,Tech B
EM003024,2026-08-14,CR-101,ISO 7,Compressed air,0,Tech A
EM003025,2026-08-14,CR-101,ISO 7,Personnel glove,0,Tech C
EM003026,2026-08-14,CR-102,ISO 7,Active air,1,Tech C
EM003027,2026-08-14,CR-102,ISO 7,Surface contact,0,Tech A
EM003028,2026-08-14,CR-102,ISO 7,Compressed air,0,Tech B
EM003029,2026-08-14,CR-102,ISO 7,Personnel glove,0,Tech B
EM003030,2026-08-14,CR-201,ISO 8,Active air,1,Tech D
EM003031,2026-08-14,CR-201,ISO 8,Surface contact,1,Tech C
EM003032,2026-08-14,CR-201,ISO 8,Compressed air,0,Tech A
EM003033,2026-08-14,CR-201,ISO 8,Personnel glove,0,Tech D
EM003034,2026-08-14,CR-202,ISO 8,Active air,4,Tech B
EM003035,2026-08-14,CR-202,ISO 8,Surface contact,0,Tech A
EM003036,2026-08-14,CR-202,ISO 8,Compressed air,0,Tech D
EM003037,2026-08-14,CR-202,ISO 8,Personnel glove,0,Tech C
EM003038,2026-08-14,Gowning,ISO 8,Active air,0,Tech B
EM003039,2026-08-14,Gowning,ISO 8,Surface contact,3,Tech D
EM003040,2026-08-14,Gowning,ISO 8,Personnel glove,0,Tech B
EM003041,2026-08-17,CR-101,ISO 7,Active air,1,Tech A
EM003042,2026-08-17,CR-101,ISO 7,Surface contact,0,Tech C
EM003043,2026-08-17,CR-101,ISO 7,Compressed air,0,Tech B
EM003044,2026-08-17,CR-101,ISO 7,Personnel glove,0,Tech A
EM003045,2026-08-17,CR-102,ISO 7,Active air,0,Tech A
EM003046,2026-08-17,CR-102,ISO 7,Surface contact,1,Tech D
EM003047,2026-08-17,CR-102,ISO 7,Compressed air,0,Tech D
EM003048,2026-08-17,CR-102,ISO 7,Personnel glove,0,Tech C
EM003049,2026-08-17,CR-201,ISO 8,Active air,1,Tech D
EM003050,2026-08-17,CR-201,ISO 8,Surface contact,0,Tech C
EM003051,2026-08-17,CR-201,ISO 8,Compressed air,0,Tech B
EM003052,2026-08-17,CR-201,ISO 8,Personnel glove,0,Tech A
EM003053,2026-08-17,CR-202,ISO 8,Active air,2,Tech A
EM003054,2026-08-17,CR-202,ISO 8,Surface contact,1,Tech A
EM003055,2026-08-17,CR-202,ISO 8,Compressed air,0,Tech B
EM003056,2026-08-17,CR-202,ISO 8,Personnel glove,0,Tech C
EM003057,2026-08-17,Gowning,ISO 8,Active air,2,Tech D
EM003058,2026-08-17,Gowning,ISO 8,Surface contact,4,Tech B
EM003059,2026-08-17,Gowning,ISO 8,Personnel glove,0,Tech C
EM003060,2026-08-18,CR-101,ISO 7,Active air,0,Tech B
EM003061,2026-08-18,CR-101,ISO 7,Surface contact,0,Tech C
EM003062,2026-08-18,CR-101,ISO 7,Compressed air,0,Tech A
EM003063,2026-08-18,CR-101,ISO 7,Personnel glove,0,Tech A
EM003064,2026-08-18,CR-102,ISO 7,Active air,1,Tech B
EM003065,2026-08-18,CR-102,ISO 7,Surface contact,1,Tech A
EM003066,2026-08-18,CR-102,ISO 7,Compressed air,0,Tech D
EM003067,2026-08-18,CR-102,ISO 7,Personnel glove,0,Tech B
EM003068,2026-08-18,CR-201,ISO 8,Active air,1,Tech D
EM003069,2026-08-18,CR-201,ISO 8,Surface contact,1,Tech A
EM003070,2026-08-18,CR-201,ISO 8,Compressed air,0,Tech D
EM003071,2026-08-18,CR-201,ISO 8,Personnel glove,0,Tech D
EM003072,2026-08-18,CR-202,ISO 8,Active air,4,Tech C
EM003073,2026-08-18,CR-202,ISO 8,Surface contact,0,Tech A
EM003074,2026-08-18,CR-202,ISO 8,Compressed air,0,Tech A
EM003075,2026-08-18,CR-202,ISO 8,Personnel glove,0,Tech D
EM003076,2026-08-18,Gowning,ISO 8,Active air,0,Tech D
EM003077,2026-08-18,Gowning,ISO 8,Surface contact,0,Tech D
EM003078,2026-08-18,Gowning,ISO 8,Personnel glove,0,Tech D
EM003079,2026-08-19,CR-101,ISO 7,Active air,0,Tech A
EM003080,2026-08-19,CR-101,ISO 7,Surface contact,0,Tech C
EM003081,2026-08-19,CR-101,ISO 7,Compressed air,0,Tech A
EM003082,2026-08-19,CR-101,ISO 7,Personnel glove,0,Tech C
EM003083,2026-08-19,CR-102,ISO 7,Active air,1,Tech C
EM003084,2026-08-19,CR-102,ISO 7,Surface contact,0,Tech B
EM003085,2026-08-19,CR-102,ISO 7,Compressed air,0,Tech B
EM003086,2026-08-19,CR-102,ISO 7,Personnel glove,0,Tech A
EM003087,2026-08-19,CR-201,ISO 8,Active air,1,Tech C
EM003088,2026-08-19,CR-201,ISO 8,Surface contact,0,Tech B
EM003089,2026-08-19,CR-201,ISO 8,Compressed air,0,Tech C
EM003090,2026-08-19,CR-201,ISO 8,Personnel glove,1,Tech D
EM003091,2026-08-19,CR-202,ISO 8,Active air,6,Tech C
EM003092,2026-08-19,CR-202,ISO 8,Surface contact,3,Tech B
EM003093,2026-08-19,CR-202,ISO 8,Compressed air,0,Tech C
EM003094,2026-08-19,CR-202,ISO 8,Personnel glove,0,Tech B
EM003095,2026-08-19,Gowning,ISO 8,Active air,4,Tech C
EM003096,2026-08-19,Gowning,ISO 8,Surface contact,0,Tech A
EM003097,2026-08-19,Gowning,ISO 8,Personnel glove,0,Tech D
EM003098,2026-08-20,CR-101,ISO 7,Active air,1,Tech B
EM003099,2026-08-20,CR-101,ISO 7,Surface contact,1,Tech C
EM003100,2026-08-20,CR-101,ISO 7,Compressed air,0,Tech D
EM003101,2026-08-20,CR-101,ISO 7,Personnel glove,0,Tech C
EM003102,2026-08-20,CR-102,ISO 7,Active air,0,Tech C
EM003103,2026-08-20,CR-102,ISO 7,Surface contact,1,Tech A
EM003104,2026-08-20,CR-102,ISO 7,Compressed air,0,Tech B
EM003105,2026-08-20,CR-102,ISO 7,Personnel glove,0,Tech B
EM003106,2026-08-20,CR-201,ISO 8,Active air,1,Tech B
EM003107,2026-08-20,CR-201,ISO 8,Surface contact,1,Tech B
EM003108,2026-08-20,CR-201,ISO 8,Compressed air,0,Tech D
EM003109,2026-08-20,CR-201,ISO 8,Personnel glove,0,Tech A
EM003110,2026-08-20,CR-202,ISO 8,Active air,5,Tech D
EM003111,2026-08-20,CR-202,ISO 8,Surface contact,0,Tech C
EM003112,2026-08-20,CR-202,ISO 8,Compressed air,0,Tech A
EM003113,2026-08-20,CR-202,ISO 8,Personnel glove,0,Tech D
EM003114,2026-08-20,Gowning,ISO 8,Active air,2,Tech A
EM003115,2026-08-20,Gowning,ISO 8,Surface contact,0,Tech A
EM003116,2026-08-20,Gowning,ISO 8,Personnel glove,0,Tech A
EM003117,2026-08-21,CR-101,ISO 7,Active air,0,Tech B
EM003118,2026-08-21,CR-101,ISO 7,Surface contact,0,Tech A
EM003119,2026-08-21,CR-101,ISO 7,Compressed air,0,Tech B
EM003120,2026-08-21,CR-101,ISO 7,Personnel glove,0,Tech D
EM003121,2026-08-21,CR-102,ISO 7,Active air,1,Tech A
EM003122,2026-08-21,CR-102,ISO 7,Surface contact,1,Tech B
EM003123,2026-08-21,CR-102,ISO 7,Compressed air,0,Tech D
EM003124,2026-08-21,CR-102,ISO 7,Personnel glove,0,Tech B
EM003125,2026-08-21,CR-201,ISO 8,Active air,0,Tech C
EM003126,2026-08-21,CR-201,ISO 8,Surface contact,0,Tech B
EM003127,2026-08-21,CR-201,ISO 8,Compressed air,0,Tech B
EM003128,2026-08-21,CR-201,ISO 8,Personnel glove,0,Tech C
EM003129,2026-08-21,CR-202,ISO 8,Active air,2,Tech A
EM003130,2026-08-21,CR-202,ISO 8,Surface contact,3,Tech C
EM003131,2026-08-21,CR-202,ISO 8,Compressed air,0,Tech A
EM003132,2026-08-21,CR-202,ISO 8,Personnel glove,0,Tech D
EM003133,2026-08-21,Gowning,ISO 8,Active air,2,Tech A
EM003134,2026-08-21,Gowning,ISO 8,Surface contact,0,Tech D
EM003135,2026-08-21,Gowning,ISO 8,Personnel glove,0,Tech A
EM003136,2026-08-24,CR-101,ISO 7,Active air,3,Tech C
EM003137,2026-08-24,CR-101,ISO 7,Surface contact,2,Tech C
EM003138,2026-08-24,CR-101,ISO 7,Compressed air,0,Tech C
EM003139,2026-08-24,CR-101,ISO 7,Personnel glove,0,Tech D
EM003140,2026-08-24,CR-102,ISO 7,Active air,2,Tech C
EM003141,2026-08-24,CR-102,ISO 7,Surface contact,1,Tech D
EM003142,2026-08-24,CR-102,ISO 7,Compressed air,0,Tech D
EM003143,2026-08-24,CR-102,ISO 7,Personnel glove,0,Tech B
EM003144,2026-08-24,CR-201,ISO 8,Active air,0,Tech A
EM003145,2026-08-24,CR-201,ISO 8,Surface contact,1,Tech A
EM003146,2026-08-24,CR-201,ISO 8,Compressed air,0,Tech B
EM003147,2026-08-24,CR-201,ISO 8,Personnel glove,0,Tech D
EM003148,2026-08-24,CR-202,ISO 8,Active air,4,Tech C
EM003149,2026-08-24,CR-202,ISO 8,Surface contact,1,Tech C
EM003150,2026-08-24,CR-202,ISO 8,Compressed air,0,Tech C
EM003151,2026-08-24,CR-202,ISO 8,Personnel glove,0,Tech D
EM003152,2026-08-24,Gowning,ISO 8,Active air,3,Tech D
EM003153,2026-08-24,Gowning,ISO 8,Surface contact,1,Tech D
EM003154,2026-08-24,Gowning,ISO 8,Personnel glove,1,Tech A
EM003155,2026-08-25,CR-101,ISO 7,Active air,0,Tech C
EM003156,2026-08-25,CR-101,ISO 7,Surface contact,0,Tech A
EM003157,2026-08-25,CR-101,ISO 7,Compressed air,0,Tech A
EM003158,2026-08-25,CR-101,ISO 7,Personnel glove,0,Tech C
EM003159,2026-08-25,CR-102,ISO 7,Active air,3,Tech D
EM003160,2026-08-25,CR-102,ISO 7,Surface contact,1,Tech D
EM003161,2026-08-25,CR-102,ISO 7,Compressed air,0,Tech D
EM003162,2026-08-25,CR-102,ISO 7,Personnel glove,0,Tech C
EM003163,2026-08-25,CR-201,ISO 8,Active air,1,Tech A
EM003164,2026-08-25,CR-201,ISO 8,Surface contact,1,Tech D
EM003165,2026-08-25,CR-201,ISO 8,Compressed air,0,Tech C
EM003166,2026-08-25,CR-201,ISO 8,Personnel glove,0,Tech D
EM003167,2026-08-25,CR-202,ISO 8,Active air,3,Tech D
EM003168,2026-08-25,CR-202,ISO 8,Surface contact,1,Tech A
EM003169,2026-08-25,CR-202,ISO 8,Compressed air,0,Tech A
EM003170,2026-08-25,CR-202,ISO 8,Personnel glove,1,Tech A
EM003171,2026-08-25,Gowning,ISO 8,Active air,1,Tech D
EM003172,2026-08-25,Gowning,ISO 8,Surface contact,0,Tech A
EM003173,2026-08-25,Gowning,ISO 8,Personnel glove,0,Tech B
EM003174,2026-08-26,CR-101,ISO 7,Active air,0,Tech B
EM003175,2026-08-26,CR-101,ISO 7,Surface contact,0,Tech A
EM003176,2026-08-26,CR-101,ISO 7,Compressed air,0,Tech A
EM003177,2026-08-26,CR-101,ISO 7,Personnel glove,0,Tech C
EM003178,2026-08-26,CR-102,ISO 7,Active air,2,Tech C
EM003179,2026-08-26,CR-102,ISO 7,Surface contact,2,Tech A
EM003180,2026-08-26,CR-102,ISO 7,Compressed air,0,Tech D
EM003181,2026-08-26,CR-102,ISO 7,Personnel glove,0,Tech C
EM003182,2026-08-26,CR-201,ISO 8,Active air,3,Tech D
EM003183,2026-08-26,CR-201,ISO 8,Surface contact,1,Tech D
EM003184,2026-08-26,CR-201,ISO 8,Compressed air,0,Tech C
EM003185,2026-08-26,CR-201,ISO 8,Personnel glove,0,Tech B
EM003186,2026-08-26,CR-202,ISO 8,Active air,2,Tech A
EM003187,2026-08-26,CR-202,ISO 8,Surface contact,0,Tech A
EM003188,2026-08-26,CR-202,ISO 8,Compressed air,0,Tech A
EM003189,2026-08-26,CR-202,ISO 8,Personnel glove,0,Tech C
EM003190,2026-08-26,Gowning,ISO 8,Active air,3,Tech B
EM003191,2026-08-26,Gowning,ISO 8,Surface contact,1,Tech B
EM003192,2026-08-26,Gowning,ISO 8,Personnel glove,0,Tech A
EM003193,2026-08-27,CR-101,ISO 7,Active air,0,Tech A
EM003194,2026-08-27,CR-101,ISO 7,Surface contact,1,Tech C
EM003195,2026-08-27,CR-101,ISO 7,Compressed air,0,Tech B
EM003196,2026-08-27,CR-101,ISO 7,Personnel glove,0,Tech A
EM003197,2026-08-27,CR-102,ISO 7,Active air,1,Tech A
EM003198,2026-08-27,CR-102,ISO 7,Surface contact,2,Tech A
EM003199,2026-08-27,CR-102,ISO 7,Compressed air,0,Tech D
EM003200,2026-08-27,CR-102,ISO 7,Personnel glove,0,Tech D
EM003201,2026-08-27,CR-201,ISO 8,Active air,2,Tech C
EM003202,2026-08-27,CR-201,ISO 8,Surface contact,2,Tech C
EM003203,2026-08-27,CR-201,ISO 8,Compressed air,0,Tech A
EM003204,2026-08-27,CR-201,ISO 8,Personnel glove,0,Tech A
EM003205,2026-08-27,CR-202,ISO 8,Active air,2,Tech D
EM003206,2026-08-27,CR-202,ISO 8,Surface contact,1,Tech D
EM003207,2026-08-27,CR-202,ISO 8,Compressed air,0,Tech C
EM003208,2026-08-27,CR-202,ISO 8,Personnel glove,0,Tech B
EM003209,2026-08-27,Gowning,ISO 8,Active air,2,Tech D
EM003210,2026-08-27,Gowning,ISO 8,Surface contact,1,Tech A
EM003211,2026-08-27,Gowning,ISO 8,Personnel glove,0,Tech A
EM003212,2026-08-28,CR-101,ISO 7,Active air,1,Tech A
EM003213,2026-08-28,CR-101,ISO 7,Surface contact,0,Tech C
EM003214,2026-08-28,CR-101,ISO 7,Compressed air,0,Tech D
EM003215,2026-08-28,CR-101,ISO 7,Personnel glove,0,Tech C
EM003216,2026-08-28,CR-102,ISO 7,Active air,2,Tech D
EM003217,2026-08-28,CR-102,ISO 7,Surface contact,0,Tech D
EM003218,2026-08-28,CR-102,ISO 7,Compressed air,0,Tech D
EM003219,2026-08-28,CR-102,ISO 7,Personnel glove,0,Tech A
EM003220,2026-08-28,CR-201,ISO 8,Active air,0,Tech D
EM003221,2026-08-28,CR-201,ISO 8,Surface contact,1,Tech A
EM003222,2026-08-28,CR-201,ISO 8,Compressed air,1,Tech C
EM003223,2026-08-28,CR-201,ISO 8,Personnel glove,0,Tech A
EM003224,2026-08-28,CR-202,ISO 8,Active air,3,Tech B
EM003225,2026-08-28,CR-202,ISO 8,Surface contact,2,Tech D
EM003226,2026-08-28,CR-202,ISO 8,Compressed air,0,Tech C
EM003227,2026-08-28,CR-202,ISO 8,Personnel glove,0,Tech B
EM003228,2026-08-28,Gowning,ISO 8,Active air,0,Tech B
EM003229,2026-08-28,Gowning,ISO 8,Surface contact,1,Tech B
EM003230,2026-08-28,Gowning,ISO 8,Personnel glove,0,Tech B
EM003231,2026-08-31,CR-101,ISO 7,Active air,1,Tech D
EM003232,2026-08-31,CR-101,ISO 7,Surface contact,1,Tech B
EM003233,2026-08-31,CR-101,ISO 7,Compressed air,0,Tech B
EM003234,2026-08-31,CR-101,ISO 7,Personnel glove,0,Tech A
EM003235,2026-08-31,CR-102,ISO 7,Active air,4,Tech B
EM003236,2026-08-31,CR-102,ISO 7,Surface contact,0,Tech D
EM003237,2026-08-31,CR-102,ISO 7,Compressed air,0,Tech C
EM003238,2026-08-31,CR-102,ISO 7,Personnel glove,0,Tech D
EM003239,2026-08-31,CR-201,ISO 8,Active air,1,Tech B
EM003240,2026-08-31,CR-201,ISO 8,Surface contact,1,Tech D
EM003241,2026-08-31,CR-201,ISO 8,Compressed air,0,Tech D
EM003242,2026-08-31,CR-201,ISO 8,Personnel glove,0,Tech D
EM003243,2026-08-31,CR-202,ISO 8,Active air,1,Tech A
EM003244,2026-08-31,CR-202,ISO 8,Surface contact,0,Tech A
EM003245,2026-08-31,CR-202,ISO 8,Compressed air,0,Tech A
EM003246,2026-08-31,CR-202,ISO 8,Personnel glove,0,Tech A
EM003247,2026-08-31,Gowning,ISO 8,Active air,0,Tech D
EM003248,2026-08-31,Gowning,ISO 8,Surface contact,2,Tech A
EM003249,2026-08-31,Gowning,ISO 8,Personnel glove,1,Tech B
EM003250,2026-09-01,CR-101,ISO 7,Active air,1,Tech B
EM003251,2026-09-01,CR-101,ISO 7,Surface contact,0,Tech B
EM003252,2026-09-01,CR-101,ISO 7,Compressed air,0,Tech B
EM003253,2026-09-01,CR-101,ISO 7,Personnel glove,1,Tech D
EM003254,2026-09-01,CR-102,ISO 7,Active air,1,Tech C
EM003255,2026-09-01,CR-102,ISO 7,Surface contact,0,Tech C
EM003256,2026-09-01,CR-102,ISO 7,Compressed air,0,Tech B
EM003257,2026-09-01,CR-102,ISO 7,Personnel glove,0,Tech A
EM003258,2026-09-01,CR-201,ISO 8,Active air,1,Tech C
EM003259,2026-09-01,CR-201,ISO 8,Surface contact,1,Tech C
EM003260,2026-09-01,CR-201,ISO 8,Compressed air,0,Tech D
EM003261,2026-09-01,CR-201,ISO 8,Personnel glove,0,Tech D
EM003262,2026-09-01,CR-202,ISO 8,Active air,1,Tech C
EM003263,2026-09-01,CR-202,ISO 8,Surface contact,1,Tech D
EM003264,2026-09-01,CR-202,ISO 8,Compressed air,0,Tech C
EM003265,2026-09-01,CR-202,ISO 8,Personnel glove,0,Tech A
EM003266,2026-09-01,Gowning,ISO 8,Active air,4,Tech B
EM003267,2026-09-01,Gowning,ISO 8,Surface contact,0,Tech B
EM003268,2026-09-01,Gowning,ISO 8,Personnel glove,0,Tech A
EM003269,2026-09-02,CR-101,ISO 7,Active air,0,Tech A
EM003270,2026-09-02,CR-101,ISO 7,Surface contact,1,Tech D
EM003271,2026-09-02,CR-101,ISO 7,Compressed air,0,Tech C
EM003272,2026-09-02,CR-101,ISO 7,Personnel glove,0,Tech A
EM003273,2026-09-02,CR-102,ISO 7,Active air,2,Tech D
EM003274,2026-09-02,CR-102,ISO 7,Surface contact,0,Tech D
EM003275,2026-09-02,CR-102,ISO 7,Compressed air,0,Tech B
EM003276,2026-09-02,CR-102,ISO 7,Personnel glove,0,Tech C
EM003277,2026-09-02,CR-201,ISO 8,Active air,1,Tech B
EM003278,2026-09-02,CR-201,ISO 8,Surface contact,0,Tech A
EM003279,2026-09-02,CR-201,ISO 8,Compressed air,0,Tech C
EM003280,2026-09-02,CR-201,ISO 8,Personnel glove,0,Tech B
EM003281,2026-09-02,CR-202,ISO 8,Active air,1,Tech D
EM003282,2026-09-02,CR-202,ISO 8,Surface contact,2,Tech A
EM003283,2026-09-02,CR-202,ISO 8,Compressed air,0,Tech A
EM003284,2026-09-02,CR-202,ISO 8,Personnel glove,0,Tech D
EM003285,2026-09-02,Gowning,ISO 8,Active air,2,Tech D
EM003286,2026-09-02,Gowning,ISO 8,Surface contact,0,Tech D
EM003287,2026-09-02,Gowning,ISO 8,Personnel glove,0,Tech D
EM003288,2026-09-03,CR-101,ISO 7,Active air,0,Tech A
EM003289,2026-09-03,CR-101,ISO 7,Surface contact,1,Tech C
EM003290,2026-09-03,CR-101,ISO 7,Compressed air,0,Tech A
EM003291,2026-09-03,CR-101,ISO 7,Personnel glove,0,Tech B
EM003292,2026-09-03,CR-102,ISO 7,Active air,1,Tech A
EM003293,2026-09-03,CR-102,ISO 7,Surface contact,1,Tech B
EM003294,2026-09-03,CR-102,ISO 7,Compressed air,0,Tech A
EM003295,2026-09-03,CR-102,ISO 7,Personnel glove,0,Tech A
EM003296,2026-09-03,CR-201,ISO 8,Active air,2,Tech D
EM003297,2026-09-03,CR-201,ISO 8,Surface contact,0,Tech C
EM003298,2026-09-03,CR-201,ISO 8,Compressed air,0,Tech B
EM003299,2026-09-03,CR-201,ISO 8,Personnel glove,0,Tech A
EM003300,2026-09-03,CR-202,ISO 8,Active air,1,Tech A
EM003301,2026-09-03,CR-202,ISO 8,Surface contact,1,Tech A
EM003302,2026-09-03,CR-202,ISO 8,Compressed air,0,Tech C
EM003303,2026-09-03,CR-202,ISO 8,Personnel glove,0,Tech B
EM003304,2026-09-03,Gowning,ISO 8,Active air,2,Tech C
EM003305,2026-09-03,Gowning,ISO 8,Surface contact,2,Tech C
EM003306,2026-09-03,Gowning,ISO 8,Personnel glove,0,Tech B
EM003307,2026-09-04,CR-101,ISO 7,Active air,0,Tech A
EM003308,2026-09-04,CR-101,ISO 7,Surface contact,0,Tech A
EM003309,2026-09-04,CR-101,ISO 7,Compressed air,0,Tech D
EM003310,2026-09-04,CR-101,ISO 7,Personnel glove,0,Tech C
EM003311,2026-09-04,CR-102,ISO 7,Active air,0,Tech D
EM003312,2026-09-04,CR-102,ISO 7,Surface contact,0,Tech C
EM003313,2026-09-04,CR-102,ISO 7,Compressed air,1,Tech D
EM003314,2026-09-04,CR-102,ISO 7,Personnel glove,0,Tech B
EM003315,2026-09-04,CR-201,ISO 8,Active air,0,Tech A
EM003316,2026-09-04,CR-201,ISO 8,Surface contact,0,Tech A
EM003317,2026-09-04,CR-201,ISO 8,Compressed air,0,Tech B
EM003318,2026-09-04,CR-201,ISO 8,Personnel glove,0,Tech B
EM003319,2026-09-04,CR-202,ISO 8,Active air,0,Tech D
EM003320,2026-09-04,CR-202,ISO 8,Surface contact,1,Tech C
EM003321,2026-09-04,CR-202,ISO 8,Compressed air,0,Tech B
EM003322,2026-09-04,CR-202,ISO 8,Personnel glove,0,Tech C
EM003323,2026-09-04,Gowning,ISO 8,Active air,2,Tech A
EM003324,2026-09-04,Gowning,ISO 8,Surface contact,2,Tech A
EM003325,2026-09-04,Gowning,ISO 8,Personnel glove,0,Tech D
EM003326,2026-09-07,CR-101,ISO 7,Active air,0,Tech A
EM003327,2026-09-07,CR-101,ISO 7,Surface contact,0,Tech C
EM003328,2026-09-07,CR-101,ISO 7,Compressed air,0,Tech B
EM003329,2026-09-07,CR-101,ISO 7,Personnel glove,0,Tech D
EM003330,2026-09-07,CR-102,ISO 7,Active air,1,Tech A
EM003331,2026-09-07,CR-102,ISO 7,Surface contact,0,Tech B
EM003332,2026-09-07,CR-102,ISO 7,Compressed air,0,Tech B
EM003333,2026-09-07,CR-102,ISO 7,Personnel glove,0,Tech B
EM003334,2026-09-07,CR-201,ISO 8,Active air,2,Tech C
EM003335,2026-09-07,CR-201,ISO 8,Surface contact,1,Tech D
EM003336,2026-09-07,CR-201,ISO 8,Compressed air,0,Tech D
EM003337,2026-09-07,CR-201,ISO 8,Personnel glove,0,Tech D
EM003338,2026-09-07,CR-202,ISO 8,Active air,1,Tech C
EM003339,2026-09-07,CR-202,ISO 8,Surface contact,0,Tech B
EM003340,2026-09-07,CR-202,ISO 8,Compressed air,0,Tech C
EM003341,2026-09-07,CR-202,ISO 8,Personnel glove,0,Tech A
EM003342,2026-09-07,Gowning,ISO 8,Active air,4,Tech D
EM003343,2026-09-07,Gowning,ISO 8,Surface contact,2,Tech B
EM003344,2026-09-07,Gowning,ISO 8,Personnel glove,0,Tech A
EM003345,2026-09-08,CR-101,ISO 7,Active air,1,Tech D
EM003346,2026-09-08,CR-101,ISO 7,Surface contact,1,Tech B
EM003347,2026-09-08,CR-101,ISO 7,Compressed air,0,Tech A
EM003348,2026-09-08,CR-101,ISO 7,Personnel glove,0,Tech B
EM003349,2026-09-08,CR-102,ISO 7,Active air,1,Tech B
EM003350,2026-09-08,CR-102,ISO 7,Surface contact,1,Tech C
EM003351,2026-09-08,CR-102,ISO 7,Compressed air,0,Tech A
EM003352,2026-09-08,CR-102,ISO 7,Personnel glove,0,Tech A
EM003353,2026-09-08,CR-201,ISO 8,Active air,3,Tech B
EM003354,2026-09-08,CR-201,ISO 8,Surface contact,0,Tech C
EM003355,2026-09-08,CR-201,ISO 8,Compressed air,0,Tech C
EM003356,2026-09-08,CR-201,ISO 8,Personnel glove,0,Tech A
EM003357,2026-09-08,CR-202,ISO 8,Active air,2,Tech B
EM003358,2026-09-08,CR-202,ISO 8,Surface contact,1,Tech A
EM003359,2026-09-08,CR-202,ISO 8,Compressed air,0,Tech D
EM003360,2026-09-08,CR-202,ISO 8,Personnel glove,0,Tech A
EM003361,2026-09-08,Gowning,ISO 8,Active air,1,Tech A
EM003362,2026-09-08,Gowning,ISO 8,Surface contact,1,Tech B
EM003363,2026-09-08,Gowning,ISO 8,Personnel glove,0,Tech C
EM003364,2026-09-09,CR-101,ISO 7,Active air,0,Tech A
EM003365,2026-09-09,CR-101,ISO 7,Surface contact,0,Tech D
EM003366,2026-09-09,CR-101,ISO 7,Compressed air,0,Tech A
EM003367,2026-09-09,CR-101,ISO 7,Personnel glove,0,Tech A
EM003368,2026-09-09,CR-102,ISO 7,Active air,0,Tech A
EM003369,2026-09-09,CR-102,ISO 7,Surface contact,1,Tech A
EM003370,2026-09-09,CR-102,ISO 7,Compressed air,0,Tech C
EM003371,2026-09-09,CR-102,ISO 7,Personnel glove,0,Tech C
EM003372,2026-09-09,CR-201,ISO 8,Active air,1,Tech D
EM003373,2026-09-09,CR-201,ISO 8,Surface contact,0,Tech B
EM003374,2026-09-09,CR-201,ISO 8,Compressed air,0,Tech B
EM003375,2026-09-09,CR-201,ISO 8,Personnel glove,0,Tech D
EM003376,2026-09-09,CR-202,ISO 8,Active air,4,Tech C
EM003377,2026-09-09,CR-202,ISO 8,Surface contact,1,Tech A
EM003378,2026-09-09,CR-202,ISO 8,Compressed air,0,Tech C
EM003379,2026-09-09,CR-202,ISO 8,Personnel glove,0,Tech B
EM003380,2026-09-09,Gowning,ISO 8,Active air,2,Tech D
EM003381,2026-09-09,Gowning,ISO 8,Surface contact,1,Tech D
EM003382,2026-09-09,Gowning,ISO 8,Personnel glove,0,Tech D
EM003383,2026-09-10,CR-101,ISO 7,Active air,0,Tech D
EM003384,2026-09-10,CR-101,ISO 7,Surface contact,0,Tech B
EM003385,2026-09-10,CR-101,ISO 7,Compressed air,0,Tech A
EM003386,2026-09-10,CR-101,ISO 7,Personnel glove,0,Tech C
EM003387,2026-09-10,CR-102,ISO 7,Active air,1,Tech C
EM003388,2026-09-10,CR-102,ISO 7,Surface contact,1,Tech C
EM003389,2026-09-10,CR-102,ISO 7,Compressed air,0,Tech D
EM003390,2026-09-10,CR-102,ISO 7,Personnel glove,0,Tech C
EM003391,2026-09-10,CR-201,ISO 8,Active air,0,Tech A
EM003392,2026-09-10,CR-201,ISO 8,Surface contact,0,Tech B
EM003393,2026-09-10,CR-201,ISO 8,Compressed air,0,Tech D
EM003394,2026-09-10,CR-201,ISO 8,Personnel glove,0,Tech D
EM003395,2026-09-10,CR-202,ISO 8,Active air,2,Tech A
EM003396,2026-09-10,CR-202,ISO 8,Surface contact,0,Tech D
EM003397,2026-09-10,CR-202,ISO 8,Compressed air,0,Tech C
EM003398,2026-09-10,CR-202,ISO 8,Personnel glove,0,Tech B
EM003399,2026-09-10,Gowning,ISO 8,Active air,1,Tech B
EM003400,2026-09-10,Gowning,ISO 8,Surface contact,0,Tech B
EM003401,2026-09-10,Gowning,ISO 8,Personnel glove,0,Tech B
EM003402,2026-09-11,CR-101,ISO 7,Active air,0,Tech A
EM003403,2026-09-11,CR-101,ISO 7,Surface contact,1,Tech B
EM003404,2026-09-11,CR-101,ISO 7,Compressed air,0,Tech C
EM003405,2026-09-11,CR-101,ISO 7,Personnel glove,0,Tech C
EM003406,2026-09-11,CR-102,ISO 7,Active air,2,Tech D
EM003407,2026-09-11,CR-102,ISO 7,Surface contact,1,Tech C
EM003408,2026-09-11,CR-102,ISO 7,Compressed air,0,Tech D
EM003409,2026-09-11,CR-102,ISO 7,Personnel glove,0,Tech C
EM003410,2026-09-11,CR-201,ISO 8,Active air,1,Tech C
EM003411,2026-09-11,CR-201,ISO 8,Surface contact,2,Tech D
EM003412,2026-09-11,CR-201,ISO 8,Compressed air,0,Tech A
EM003413,2026-09-11,CR-201,ISO 8,Personnel glove,0,Tech A
EM003414,2026-09-11,CR-202,ISO 8,Active air,1,Tech B
EM003415,2026-09-11,CR-202,ISO 8,Surface contact,2,Tech B
EM003416,2026-09-11,CR-202,ISO 8,Compressed air,0,Tech B
EM003417,2026-09-11,CR-202,ISO 8,Personnel glove,0,Tech A
EM003418,2026-09-11,Gowning,ISO 8,Active air,0,Tech A
EM003419,2026-09-11,Gowning,ISO 8,Surface contact,1,Tech D
EM003420,2026-09-11,Gowning,ISO 8,Personnel glove,0,Tech B
EM003421,2026-09-14,CR-101,ISO 7,Active air,0,Tech B
EM003422,2026-09-14,CR-101,ISO 7,Surface contact,2,Tech C
EM003423,2026-09-14,CR-101,ISO 7,Compressed air,0,Tech C
EM003424,2026-09-14,CR-101,ISO 7,Personnel glove,0,Tech A
EM003425,2026-09-14,CR-102,ISO 7,Active air,1,Tech D
EM003426,2026-09-14,CR-102,ISO 7,Surface contact,0,Tech D
EM003427,2026-09-14,CR-102,ISO 7,Compressed air,0,Tech D
EM003428,2026-09-14,CR-102,ISO 7,Personnel glove,0,Tech A
EM003429,2026-09-14,CR-201,ISO 8,Active air,2,Tech D
EM003430,2026-09-14,CR-201,ISO 8,Surface contact,0,Tech B
EM003431,2026-09-14,CR-201,ISO 8,Compressed air,0,Tech A
EM003432,2026-09-14,CR-201,ISO 8,Personnel glove,1,Tech C
EM003433,2026-09-14,CR-202,ISO 8,Active air,2,Tech C
EM003434,2026-09-14,CR-202,ISO 8,Surface contact,2,Tech B
EM003435,2026-09-14,CR-202,ISO 8,Compressed air,0,Tech B
EM003436,2026-09-14,CR-202,ISO 8,Personnel glove,0,Tech A
EM003437,2026-09-14,Gowning,ISO 8,Active air,3,Tech A
EM003438,2026-09-14,Gowning,ISO 8,Surface contact,2,Tech B
EM003439,2026-09-14,Gowning,ISO 8,Personnel glove,1,Tech D
EM003440,2026-09-15,CR-101,ISO 7,Active air,0,Tech B
EM003441,2026-09-15,CR-101,ISO 7,Surface contact,0,Tech B
EM003442,2026-09-15,CR-101,ISO 7,Compressed air,0,Tech D
EM003443,2026-09-15,CR-101,ISO 7,Personnel glove,0,Tech C
EM003444,2026-09-15,CR-102,ISO 7,Active air,1,Tech B
EM003445,2026-09-15,CR-102,ISO 7,Surface contact,0,Tech A
EM003446,2026-09-15,CR-102,ISO 7,Compressed air,0,Tech D
EM003447,2026-09-15,CR-102,ISO 7,Personnel glove,0,Tech A
EM003448,2026-09-15,CR-201,ISO 8,Active air,2,Tech C
EM003449,2026-09-15,CR-201,ISO 8,Surface contact,0,Tech A
EM003450,2026-09-15,CR-201,ISO 8,Compressed air,0,Tech C
EM003451,2026-09-15,CR-201,ISO 8,Personnel glove,0,Tech A
EM003452,2026-09-15,CR-202,ISO 8,Active air,5,Tech A
EM003453,2026-09-15,CR-202,ISO 8,Surface contact,0,Tech D
EM003454,2026-09-15,CR-202,ISO 8,Compressed air,0,Tech A
EM003455,2026-09-15,CR-202,ISO 8,Personnel glove,0,Tech C
EM003456,2026-09-15,Gowning,ISO 8,Active air,1,Tech A
EM003457,2026-09-15,Gowning,ISO 8,Surface contact,2,Tech B
EM003458,2026-09-15,Gowning,ISO 8,Personnel glove,1,Tech B
EM003459,2026-09-16,CR-101,ISO 7,Active air,0,Tech A
EM003460,2026-09-16,CR-101,ISO 7,Surface contact,1,Tech A
EM003461,2026-09-16,CR-101,ISO 7,Compressed air,0,Tech C
EM003462,2026-09-16,CR-101,ISO 7,Personnel glove,0,Tech B
EM003463,2026-09-16,CR-102,ISO 7,Active air,1,Tech B
EM003464,2026-09-16,CR-102,ISO 7,Surface contact,0,Tech A
EM003465,2026-09-16,CR-102,ISO 7,Compressed air,0,Tech A
EM003466,2026-09-16,CR-102,ISO 7,Personnel glove,0,Tech C
EM003467,2026-09-16,CR-201,ISO 8,Active air,1,Tech D
EM003468,2026-09-16,CR-201,ISO 8,Surface contact,3,Tech C
EM003469,2026-09-16,CR-201,ISO 8,Compressed air,0,Tech D
EM003470,2026-09-16,CR-201,ISO 8,Personnel glove,0,Tech B
EM003471,2026-09-16,CR-202,ISO 8,Active air,2,Tech D
EM003472,2026-09-16,CR-202,ISO 8,Surface contact,1,Tech D
EM003473,2026-09-16,CR-202,ISO 8,Compressed air,0,Tech B
EM003474,2026-09-16,CR-202,ISO 8,Personnel glove,0,Tech D
EM003475,2026-09-16,Gowning,ISO 8,Active air,2,Tech B
EM003476,2026-09-16,Gowning,ISO 8,Surface contact,1,Tech D
EM003477,2026-09-16,Gowning,ISO 8,Personnel glove,0,Tech D
EM003478,2026-09-17,CR-101,ISO 7,Active air,0,Tech B
EM003479,2026-09-17,CR-101,ISO 7,Surface contact,0,Tech A
EM003480,2026-09-17,CR-101,ISO 7,Compressed air,0,Tech D
EM003481,2026-09-17,CR-101,ISO 7,Personnel glove,0,Tech D
EM003482,2026-09-17,CR-102,ISO 7,Active air,3,Tech C
EM003483,2026-09-17,CR-102,ISO 7,Surface contact,0,Tech D
EM003484,2026-09-17,CR-102,ISO 7,Compressed air,0,Tech B
EM003485,2026-09-17,CR-102,ISO 7,Personnel glove,0,Tech A
EM003486,2026-09-17,CR-201,ISO 8,Active air,1,Tech C
EM003487,2026-09-17,CR-201,ISO 8,Surface contact,0,Tech B
EM003488,2026-09-17,CR-201,ISO 8,Compressed air,0,Tech B
EM003489,2026-09-17,CR-201,ISO 8,Personnel glove,0,Tech C
EM003490,2026-09-17,CR-202,ISO 8,Active air,2,Tech B
EM003491,2026-09-17,CR-202,ISO 8,Surface contact,2,Tech D
EM003492,2026-09-17,CR-202,ISO 8,Compressed air,1,Tech D
EM003493,2026-09-17,CR-202,ISO 8,Personnel glove,0,Tech A
EM003494,2026-09-17,Gowning,ISO 8,Active air,1,Tech C
EM003495,2026-09-17,Gowning,ISO 8,Surface contact,1,Tech B
EM003496,2026-09-17,Gowning,ISO 8,Personnel glove,0,Tech C
EM003497,2026-09-18,CR-101,ISO 7,Active air,1,Tech B
EM003498,2026-09-18,CR-101,ISO 7,Surface contact,0,Tech A
EM003499,2026-09-18,CR-101,ISO 7,Compressed air,0,Tech A
EM003500,2026-09-18,CR-101,ISO 7,Personnel glove,1,Tech D
EM003501,2026-09-18,CR-102,ISO 7,Active air,0,Tech C
EM003502,2026-09-18,CR-102,ISO 7,Surface contact,0,Tech C
EM003503,2026-09-18,CR-102,ISO 7,Compressed air,0,Tech A
EM003504,2026-09-18,CR-102,ISO 7,Personnel glove,0,Tech A
EM003505,2026-09-18,CR-201,ISO 8,Active air,2,Tech C
EM003506,2026-09-18,CR-201,ISO 8,Surface contact,0,Tech A
EM003507,2026-09-18,CR-201,ISO 8,Compressed air,1,Tech B
EM003508,2026-09-18,CR-201,ISO 8,Personnel glove,1,Tech B
EM003509,2026-09-18,CR-202,ISO 8,Active air,2,Tech D
EM003510,2026-09-18,CR-202,ISO 8,Surface contact,1,Tech A
EM003511,2026-09-18,CR-202,ISO 8,Compressed air,0,Tech B
EM003512,2026-09-18,CR-202,ISO 8,Personnel glove,0,Tech D
EM003513,2026-09-18,Gowning,ISO 8,Active air,1,Tech D
EM003514,2026-09-18,Gowning,ISO 8,Surface contact,0,Tech C
EM003515,2026-09-18,Gowning,ISO 8,Personnel glove,0,Tech B
EM003516,2026-09-21,CR-101,ISO 7,Active air,2,Tech C
EM003517,2026-09-21,CR-101,ISO 7,Surface contact,0,Tech C
EM003518,2026-09-21,CR-101,ISO 7,Compressed air,0,Tech C
EM003519,2026-09-21,CR-101,ISO 7,Personnel glove,0,Tech B
EM003520,2026-09-21,CR-102,ISO 7,Active air,3,Tech D
EM003521,2026-09-21,CR-102,ISO 7,Surface contact,0,Tech B
EM003522,2026-09-21,CR-102,ISO 7,Compressed air,0,Tech D
EM003523,2026-09-21,CR-102,ISO 7,Personnel glove,0,Tech D
EM003524,2026-09-21,CR-201,ISO 8,Active air,1,Tech B
EM003525,2026-09-21,CR-201,ISO 8,Surface contact,0,Tech D
EM003526,2026-09-21,CR-201,ISO 8,Compressed air,0,Tech A
EM003527,2026-09-21,CR-201,ISO 8,Personnel glove,0,Tech B
EM003528,2026-09-21,CR-202,ISO 8,Active air,2,Tech D
EM003529,2026-09-21,CR-202,ISO 8,Surface contact,0,Tech A
EM003530,2026-09-21,CR-202,ISO 8,Compressed air,0,Tech D
EM003531,2026-09-21,CR-202,ISO 8,Personnel glove,0,Tech D
EM003532,2026-09-21,Gowning,ISO 8,Active air,2,Tech D
EM003533,2026-09-21,Gowning,ISO 8,Surface contact,0,Tech C
EM003534,2026-09-21,Gowning,ISO 8,Personnel glove,0,Tech D
EM003535,2026-09-22,CR-101,ISO 7,Active air,1,Tech A
EM003536,2026-09-22,CR-101,ISO 7,Surface contact,0,Tech C
EM003537,2026-09-22,CR-101,ISO 7,Compressed air,0,Tech C
EM003538,2026-09-22,CR-101,ISO 7,Personnel glove,0,Tech C
EM003539,2026-09-22,CR-102,ISO 7,Active air,0,Tech D
EM003540,2026-09-22,CR-102,ISO 7,Surface contact,0,Tech C
EM003541,2026-09-22,CR-102,ISO 7,Compressed air,1,Tech B
EM003542,2026-09-22,CR-102,ISO 7,Personnel glove,0,Tech D
EM003543,2026-09-22,CR-201,ISO 8,Active air,1,Tech D
EM003544,2026-09-22,CR-201,ISO 8,Surface contact,0,Tech C
EM003545,2026-09-22,CR-201,ISO 8,Compressed air,0,Tech C
EM003546,2026-09-22,CR-201,ISO 8,Personnel glove,0,Tech C
EM003547,2026-09-22,CR-202,ISO 8,Active air,1,Tech A
EM003548,2026-09-22,CR-202,ISO 8,Surface contact,2,Tech C
EM003549,2026-09-22,CR-202,ISO 8,Compressed air,0,Tech C
EM003550,2026-09-22,CR-202,ISO 8,Personnel glove,0,Tech D
EM003551,2026-09-22,Gowning,ISO 8,Active air,5,Tech A
EM003552,2026-09-22,Gowning,ISO 8,Surface contact,1,Tech B
EM003553,2026-09-22,Gowning,ISO 8,Personnel glove,0,Tech D
EM003554,2026-09-23,CR-101,ISO 7,Active air,1,Tech B
EM003555,2026-09-23,CR-101,ISO 7,Surface contact,0,Tech B
EM003556,2026-09-23,CR-101,ISO 7,Compressed air,0,Tech B
EM003557,2026-09-23,CR-101,ISO 7,Personnel glove,1,Tech C
EM003558,2026-09-23,CR-102,ISO 7,Active air,1,Tech A
EM003559,2026-09-23,CR-102,ISO 7,Surface contact,1,Tech B
EM003560,2026-09-23,CR-102,ISO 7,Compressed air,0,Tech C
EM003561,2026-09-23,CR-102,ISO 7,Personnel glove,0,Tech D
EM003562,2026-09-23,CR-201,ISO 8,Active air,1,Tech D
EM003563,2026-09-23,CR-201,ISO 8,Surface contact,1,Tech C
EM003564,2026-09-23,CR-201,ISO 8,Compressed air,0,Tech A
EM003565,2026-09-23,CR-201,ISO 8,Personnel glove,0,Tech A
EM003566,2026-09-23,CR-202,ISO 8,Active air,1,Tech B
EM003567,2026-09-23,CR-202,ISO 8,Surface contact,0,Tech D
EM003568,2026-09-23,CR-202,ISO 8,Compressed air,0,Tech A
EM003569,2026-09-23,CR-202,ISO 8,Personnel glove,0,Tech C
EM003570,2026-09-23,Gowning,ISO 8,Active air,1,Tech D
EM003571,2026-09-23,Gowning,ISO 8,Surface contact,0,Tech D
EM003572,2026-09-23,Gowning,ISO 8,Personnel glove,1,Tech A
EM003573,2026-09-24,CR-101,ISO 7,Active air,2,Tech B
EM003574,2026-09-24,CR-101,ISO 7,Surface contact,0,Tech D
EM003575,2026-09-24,CR-101,ISO 7,Compressed air,0,Tech D
EM003576,2026-09-24,CR-101,ISO 7,Personnel glove,0,Tech A
EM003577,2026-09-24,CR-102,ISO 7,Active air,2,Tech A
EM003578,2026-09-24,CR-102,ISO 7,Surface contact,1,Tech A
EM003579,2026-09-24,CR-102,ISO 7,Compressed air,0,Tech A
EM003580,2026-09-24,CR-102,ISO 7,Personnel glove,0,Tech A
EM003581,2026-09-24,CR-201,ISO 8,Active air,2,Tech D
EM003582,2026-09-24,CR-201,ISO 8,Surface contact,0,Tech A
EM003583,2026-09-24,CR-201,ISO 8,Compressed air,0,Tech B
EM003584,2026-09-24,CR-201,ISO 8,Personnel glove,0,Tech C
EM003585,2026-09-24,CR-202,ISO 8,Active air,2,Tech B
EM003586,2026-09-24,CR-202,ISO 8,Surface contact,0,Tech B
EM003587,2026-09-24,CR-202,ISO 8,Compressed air,0,Tech A
EM003588,2026-09-24,CR-202,ISO 8,Personnel glove,0,Tech B
EM003589,2026-09-24,Gowning,ISO 8,Active air,3,Tech C
EM003590,2026-09-24,Gowning,ISO 8,Surface contact,0,Tech C
EM003591,2026-09-24,Gowning,ISO 8,Personnel glove,0,Tech D
EM003592,2026-09-25,CR-101,ISO 7,Active air,3,Tech B
EM003593,2026-09-25,CR-101,ISO 7,Surface contact,1,Tech A
EM003594,2026-09-25,CR-101,ISO 7,Compressed air,0,Tech B
EM003595,2026-09-25,CR-101,ISO 7,Personnel glove,0,Tech C
EM003596,2026-09-25,CR-102,ISO 7,Active air,2,Tech D
EM003597,2026-09-25,CR-102,ISO 7,Surface contact,0,Tech D
EM003598,2026-09-25,CR-102,ISO 7,Compressed air,0,Tech A
EM003599,2026-09-25,CR-102,ISO 7,Personnel glove,0,Tech B
EM003600,2026-09-25,CR-201,ISO 8,Active air,2,Tech A
EM003601,2026-09-25,CR-201,ISO 8,Surface contact,2,Tech C
EM003602,2026-09-25,CR-201,ISO 8,Compressed air,0,Tech D
EM003603,2026-09-25,CR-201,ISO 8,Personnel glove,0,Tech C
EM003604,2026-09-25,CR-202,ISO 8,Active air,2,Tech A
EM003605,2026-09-25,CR-202,ISO 8,Surface contact,1,Tech C
EM003606,2026-09-25,CR-202,ISO 8,Compressed air,0,Tech C
EM003607,2026-09-25,CR-202,ISO 8,Personnel glove,0,Tech B
EM003608,2026-09-25,Gowning,ISO 8,Active air,2,Tech B
EM003609,2026-09-25,Gowning,ISO 8,Surface contact,0,Tech C
EM003610,2026-09-25,Gowning,ISO 8,Personnel glove,0,Tech A
